latitude,longitude,elevation,temps,temperature,freqCard,vitesseInst,distCum,tempsCum
49.473021,1.061025,60.8,2023-11-29 07:13:56+00:00,24,101,0,0,0
49.47305,1.061079,61.2,2023-11-29 07:14:03+00:00,24,94,3.5050430959330803,6.815361575425434,7.0
49.473064,1.061093,61.2,2023-11-29 07:14:04+00:00,24,95,7.924890505884432,9.01672004928222,8.0
49.473059,1.061109,61.4,2023-11-29 07:14:05+00:00,24,93,6.7101774930502565,10.88065824179618,9.0
49.473018,1.061198,62.0,2023-11-29 07:14:08+00:00,24,94,13.074769185304802,21.776299229550183,12.0
49.47297,1.061228,62.2,2023-11-29 07:14:09+00:00,24,98,22.65583947367665,28.069587972238143,13.0
49.472921,1.061254,62.4,2023-11-29 07:14:10+00:00,24,101,22.202050707829788,34.23682427996864,14.0
49.472872,1.061283,62.6,2023-11-29 07:14:11+00:00,24,102,22.78971024301601,40.56729934747308,15.0
49.472803,1.061317,63.0,2023-11-29 07:14:13+00:00,24,102,15.39388762932234,49.11945914154105,17.0
49.472667,1.061435,63.8,2023-11-29 07:14:17+00:00,24,104,18.017373268561183,69.1387627732757,21.0
49.472612,1.061508,64.2,2023-11-29 07:14:19+00:00,24,105,18.29269644147468,79.3013719074283,23.0
49.472543,1.061596,65.0,2023-11-29 07:14:22+00:00,24,107,14.920373281525768,91.73501630869978,26.0
49.472511,1.06161,65.4,2023-11-29 07:14:23+00:00,24,107,13.979924174839201,95.61832857948845,27.0
49.472431,1.061655,66.4,2023-11-29 07:14:26+00:00,24,107,12.246008029168697,105.82333527046237,30.0
49.472411,1.06167,66.8,2023-11-29 07:14:27+00:00,24,107,10.006443939189593,108.60290303134836,31.0
49.472364,1.061722,67.6,2023-11-29 07:14:30+00:00,24,106,9.352034016856145,116.39626471206182,34.0
49.472318,1.061758,68.6,2023-11-29 07:14:33+00:00,24,108,7.7933554875174345,122.89072761832635,37.0
49.472265,1.061783,69.6,2023-11-29 07:14:36+00:00,24,108,7.818174573948106,129.40587309661643,40.0
49.472203,1.061816,70.4,2023-11-29 07:14:40+00:00,24,108,7.027889535595621,137.21463924727823,44.0
49.472167,1.061822,70.8,2023-11-29 07:14:42+00:00,24,110,7.303600743206416,141.27219521572624,46.0
49.472106,1.061916,72.0,2023-11-29 07:14:46+00:00,24,108,11.213684398320925,153.73184454719393,50.0
49.471984,1.062079,73.0,2023-11-29 07:14:51+00:00,24,110,16.299289253764535,176.36974628853355,55.0
49.471972,1.062118,73.4,2023-11-29 07:14:52+00:00,24,109,16.333834077334533,180.90692242112647,56.0
49.471933,1.062168,73.8,2023-11-29 07:14:54+00:00,24,112,12.691012982499535,187.95748518918177,58.0
49.471914,1.062186,74.0,2023-11-29 07:14:55+00:00,24,112,10.475950327631217,190.86747139130156,59.0
49.471897,1.062206,74.2,2023-11-29 07:14:56+00:00,24,113,10.50668669484138,193.78599547320195,60.0
49.47186,1.062228,74.8,2023-11-29 07:14:58+00:00,24,113,8.614697798412061,198.57193869454198,62.0
49.471841,1.062243,75.2,2023-11-29 07:14:59+00:00,24,113,9.689253150637194,201.26339790305232,63.0
49.471788,1.062357,76.0,2023-11-29 07:15:05+00:00,24,114,8.387261960868308,215.24216783783282,69.0
49.471777,1.062403,76.4,2023-11-29 07:15:07+00:00,24,116,9.466434451017044,220.50129808839785,71.0
49.471714,1.06255,77.6,2023-11-29 07:15:12+00:00,24,119,12.803808643877655,238.28436564933904,76.0
49.471693,1.062617,78.6,2023-11-29 07:15:18+00:00,24,116,4.684389540236024,246.0916815497324,82.0
49.471694,1.062668,79.0,2023-11-29 07:15:20+00:00,24,122,10.209655666053415,251.76371247531765,84.0
49.471686,1.062681,79.2,2023-11-29 07:15:21+00:00,24,119,6.110052155435833,253.46094918516093,85.0
49.471681,1.062702,79.4,2023-11-29 07:15:22+00:00,24,118,8.641247111236627,255.86129560494888,86.0
49.471672,1.062718,79.8,2023-11-29 07:15:23+00:00,24,119,7.348259246710853,257.90247872903524,87.0
49.471635,1.062777,80.4,2023-11-29 07:15:26+00:00,24,121,9.29214550213116,265.64593331414454,90.0
49.471412,1.062916,80.8,2023-11-29 07:15:28+00:00,24,123,52.58786079219843,294.86141153203255,92.0
49.47133,1.062998,81.6,2023-11-29 07:15:31+00:00,24,125,15.47240059212114,307.7550786921335,95.0
49.471239,1.06308,81.8,2023-11-29 07:15:33+00:00,24,126,24.51513141230321,321.37459614341304,97.0
49.471111,1.063273,82.2,2023-11-29 07:15:38+00:00,24,127,18.54004035110007,347.1246521866076,102.0
49.471044,1.06339,83.0,2023-11-29 07:15:42+00:00,24,128,13.492178049147443,362.1159611301047,106.0
49.470963,1.063484,83.4,2023-11-29 07:15:45+00:00,24,129,16.55588491154785,375.9125318897279,109.0
49.470842,1.063614,84.2,2023-11-29 07:15:50+00:00,24,129,14.217409365849281,395.6589337867408,114.0
49.470769,1.063688,85.4,2023-11-29 07:15:53+00:00,24,131,13.868889782175728,407.2163419385539,117.0
49.470753,1.063707,85.6,2023-11-29 07:15:54+00:00,24,131,9.942577936850043,409.9781691432345,118.0
49.470696,1.063776,86.2,2023-11-29 07:15:57+00:00,23,124,11.941313999689394,419.9292641429756,121.0
49.470669,1.063786,86.4,2023-11-29 07:15:58+00:00,23,124,11.523884900646076,423.13034328204395,122.0
49.470621,1.063807,86.6,2023-11-29 07:16:00+00:00,23,125,10.484936881803621,428.9553082163793,124.0
49.470486,1.063973,87.2,2023-11-29 07:16:07+00:00,23,126,12.234951933140835,452.74549253081983,131.0
49.470457,1.064018,87.6,2023-11-29 07:16:08+00:00,23,125,21.429083342640844,458.6980156815534,132.0
49.470418,1.064085,88.8,2023-11-29 07:16:10+00:00,23,126,15.515856761466875,467.31793610459056,134.0
49.470395,1.064116,89.2,2023-11-29 07:16:11+00:00,23,126,15.450908387605145,471.60985510114756,135.0
49.470368,1.064143,89.4,2023-11-29 07:16:12+00:00,23,126,15.283709878788578,475.8553300674777,136.0
49.4703,1.064252,89.6,2023-11-29 07:16:15+00:00,23,129,17.14166475370656,490.1400506955665,139.0
49.470235,1.064346,89.8,2023-11-29 07:16:18+00:00,23,131,15.248607909114224,502.8472239531617,142.0
49.470204,1.064369,89.8,2023-11-29 07:16:19+00:00,23,133,15.450134957289508,507.1389281079643,143.0
49.470102,1.064531,90.8,2023-11-29 07:16:24+00:00,23,132,15.32573574497027,528.4246721982008,148.0
49.470064,1.064594,91.0,2023-11-29 07:16:26+00:00,23,130,14.725040398975608,536.6052501976317,150.0
49.470006,1.064733,91.6,2023-11-29 07:16:30+00:00,23,131,15.072516094736129,553.352490302894,154.0
49.469964,1.064835,92.0,2023-11-29 07:16:33+00:00,22,131,14.718547310610031,565.617946395069,157.0
49.469926,1.064884,92.6,2023-11-29 07:16:35+00:00,22,127,12.410162913320901,572.5124813469139,159.0
49.469908,1.064906,93.0,2023-11-29 07:16:36+00:00,22,128,11.377925262419978,575.6730161420305,160.0
49.469887,1.06493,93.2,2023-11-29 07:16:37+00:00,22,128,12.764841397534928,579.2188054191236,161.0
49.469824,1.065062,94.0,2023-11-29 07:16:42+00:00,22,129,11.70952819435933,595.4820390224004,166.0
49.469769,1.065146,94.2,2023-11-29 07:16:45+00:00,22,130,13.396628380690565,606.6458960063092,169.0
49.469756,1.065178,94.4,2023-11-29 07:16:46+00:00,22,133,13.826016312238153,610.486456093042,170.0
49.469738,1.065203,94.4,2023-11-29 07:16:47+00:00,22,133,12.330905154740584,613.9117075249144,171.0
49.469639,1.065336,95.4,2023-11-29 07:16:52+00:00,22,136,13.273274566320378,632.3468110892483,176.0
49.46962,1.065359,95.6,2023-11-29 07:16:53+00:00,22,132,11.941311476822957,635.6638420550324,177.0
49.46949,1.065481,96.2,2023-11-29 07:16:58+00:00,22,135,14.2719009363156,655.485926688804,182.0
49.469461,1.065511,96.4,2023-11-29 07:16:59+00:00,22,137,16.70131183522789,660.1251799763673,183.0
49.469334,1.06568,96.8,2023-11-29 07:17:04+00:00,22,138,16.923708655771396,683.630330887161,188.0
49.469305,1.065721,97.2,2023-11-29 07:17:05+00:00,22,137,20.101800785931484,689.2141644388087,189.0
49.469248,1.065797,97.4,2023-11-29 07:17:07+00:00,22,139,19.013148352769868,699.7770246347919,191.0
49.469188,1.065865,97.8,2023-11-29 07:17:09+00:00,22,136,18.14956149908547,709.8601143565061,193.0
49.469166,1.065901,97.8,2023-11-29 07:17:10+00:00,22,135,16.887954180997873,714.5512127401166,194.0
49.469021,1.066064,98.2,2023-11-29 07:17:15+00:00,22,135,17.46466941296499,738.8076980359014,199.0
49.468968,1.066152,98.6,2023-11-29 07:17:17+00:00,22,136,20.56011011859544,750.2299814351211,201.0
49.4688,1.066405,99.0,2023-11-29 07:17:21+00:00,22,136,30.391185227575214,783.9979650213157,205.0
49.46875,1.066477,99.2,2023-11-29 07:17:23+00:00,22,133,17.543921749441783,793.7445882154501,207.0
49.468644,1.066629,99.4,2023-11-29 07:17:27+00:00,22,136,18.543982515247194,814.3490132323915,211.0
49.468622,1.066676,99.4,2023-11-29 07:17:28+00:00,22,137,20.772660604977585,820.1191967337742,212.0
49.468474,1.067004,99.4,2023-11-29 07:17:34+00:00,22,136,24.007019797137104,860.1308963956693,218.0
49.468436,1.067056,99.6,2023-11-29 07:17:35+00:00,22,136,25.77986455581456,867.2919698833956,219.0
49.468283,1.067361,100.8,2023-11-29 07:17:39+00:00,22,137,34.14697571385842,905.233054009905,223.0
49.468247,1.067422,100.8,2023-11-29 07:17:40+00:00,22,136,28.352415026593086,913.1087248506253,224.0
49.468067,1.067674,100.6,2023-11-29 07:17:46+00:00,22,137,20.659942919893798,947.5419630504483,230.0
49.467862,1.068091,101.2,2023-11-29 07:17:54+00:00,22,129,23.250013388740904,999.2086594698726,238.0
49.467829,1.068136,101.4,2023-11-29 07:17:55+00:00,22,127,22.336770812498877,1005.4133180289001,239.0
49.467784,1.068194,101.8,2023-11-29 07:17:56+00:00,23,127,29.38415504629225,1013.5755833195368,240.0
49.467709,1.068305,103.0,2023-11-29 07:17:59+00:00,23,129,17.87419090849818,1028.470742409952,243.0
49.467684,1.068349,103.4,2023-11-29 07:18:00+00:00,23,127,20.256939912939007,1034.0976701635461,244.0
49.467561,1.068501,103.4,2023-11-29 07:18:03+00:00,23,130,26.088885656592854,1055.8384082107068,247.0
49.467561,1.068501,103.4,2023-11-29 07:18:04+00:00,23,131,0.0,1055.8384082107068,248.0
49.467494,1.06858,103.6,2023-11-29 07:18:06+00:00,23,132,20.731262154108425,1067.3557760741003,250.0
49.46739,1.068698,104.0,2023-11-29 07:18:09+00:00,23,131,20.98616306415435,1084.8442452942288,253.0
49.467354,1.068721,104.2,2023-11-29 07:18:10+00:00,23,132,17.09878522932027,1089.5939078579288,254.0
49.467145,1.069122,104.2,2023-11-29 07:18:16+00:00,23,132,30.16807655353006,1139.8740354471456,260.0
49.466935,1.069326,104.4,2023-11-29 07:18:21+00:00,23,128,23.4374042935399,1172.4259858548398,265.0
49.4669,1.069361,104.4,2023-11-29 07:18:22+00:00,23,128,19.812199724623653,1177.9293746672354,266.0
49.466863,1.069385,104.4,2023-11-29 07:18:23+00:00,23,125,17.65200469763638,1182.8327093054677,267.0
49.466654,1.069576,104.6,2023-11-29 07:18:29+00:00,23,129,18.88770840121366,1214.3122233074905,273.0
49.466507,1.069761,104.6,2023-11-29 07:18:33+00:00,23,129,23.645448882640874,1240.5849442882027,277.0
49.466431,1.069874,105.4,2023-11-29 07:18:35+00:00,23,129,27.255071073739927,1255.7266504402803,279.0
49.466403,1.069923,105.4,2023-11-29 07:18:36+00:00,23,133,22.590380971342807,1262.0017562656533,280.0
49.46634,1.070145,105.8,2023-11-29 07:18:40+00:00,23,134,23.093719013379193,1287.6614440582969,284.0
49.466317,1.0702,106.0,2023-11-29 07:18:41+00:00,23,133,23.863542271941917,1294.290205800503,285.0
49.466247,1.070294,106.2,2023-11-29 07:18:43+00:00,23,134,23.456358593517123,1307.3215161302346,287.0
49.466202,1.070331,106.4,2023-11-29 07:18:44+00:00,23,134,23.318369621194385,1313.798841025011,288.0
49.46616,1.070369,106.6,2023-11-29 07:18:45+00:00,23,134,22.670598415735856,1320.0962294738265,289.0
49.466141,1.07046,106.6,2023-11-29 07:18:46+00:00,23,133,37.212722023492425,1330.4330967025744,290.0
49.466059,1.070688,106.6,2023-11-29 07:18:49+00:00,23,135,32.330035335272825,1357.3747928153018,293.0
49.465928,1.070926,106.8,2023-11-29 07:18:53+00:00,23,134,27.186464960893037,1387.581976105183,297.0
49.465903,1.071009,106.8,2023-11-29 07:18:54+00:00,23,134,34.69898401543546,1397.2205827761372,298.0
49.46571,1.071185,106.8,2023-11-29 07:18:56+00:00,23,134,52.2742509754045,1426.2618333180287,300.0
49.465606,1.071342,106.8,2023-11-29 07:18:59+00:00,23,130,25.127139528296098,1447.2011162582755,303.0
49.465572,1.071384,106.8,2023-11-29 07:19:00+00:00,23,130,21.62961766651499,1453.209343387863,304.0
49.465508,1.071475,106.8,2023-11-29 07:19:02+00:00,23,127,22.265889293191464,1465.5792818840805,306.0
49.465452,1.071577,106.8,2023-11-29 07:19:04+00:00,23,127,23.28891313637294,1478.5175669598432,308.0
49.465414,1.071731,106.8,2023-11-29 07:19:06+00:00,23,125,31.747419945216162,1496.1550224849632,310.0
49.465228,1.07212,106.8,2023-11-29 07:19:11+00:00,23,128,34.519371403094844,1544.0985938781505,315.0
49.465134,1.07227,106.8,2023-11-29 07:19:13+00:00,23,128,35.4289120578222,1563.7813227991628,317.0
49.464961,1.072474,107.2,2023-11-29 07:19:16+00:00,23,129,35.68815062176192,1593.5214483172977,320.0
49.464848,1.072615,107.4,2023-11-29 07:19:18+00:00,23,131,36.163404850910034,1613.6122287900255,322.0
49.464804,1.072698,107.6,2023-11-29 07:19:19+00:00,23,132,37.60348840262036,1624.0576422351978,323.0
49.464498,1.073092,107.0,2023-11-29 07:19:25+00:00,23,130,33.28094088579314,1679.5258770448531,329.0
49.464143,1.073574,107.0,2023-11-29 07:19:32+00:00,23,128,34.23069632748543,1746.085564348297,336.0
49.464085,1.07364,107.0,2023-11-29 07:19:33+00:00,23,132,35.169233408688896,1755.8547958507106,337.0
49.463904,1.073845,106.6,2023-11-29 07:19:36+00:00,23,134,36.487403969413734,1786.260965825222,340.0
49.463794,1.073983,105.6,2023-11-29 07:19:38+00:00,23,133,35.3195397705723,1805.8829323644288,342.0
49.463743,1.074056,105.4,2023-11-29 07:19:39+00:00,23,132,35.645034718752456,1815.7843308974157,343.0
49.463462,1.074494,104.8,2023-11-29 07:19:45+00:00,23,133,34.717009266269706,1873.6460130078651,349.0
49.463359,1.074636,104.4,2023-11-29 07:19:47+00:00,23,130,35.10880648501901,1893.1509054995424,351.0
49.463311,1.074709,104.4,2023-11-29 07:19:48+00:00,23,131,34.97132173308373,1902.8651615365102,352.0
49.463069,1.075078,103.2,2023-11-29 07:19:53+00:00,23,128,35.32688475876184,1951.9302792570127,357.0
49.462976,1.075237,102.8,2023-11-29 07:19:55+00:00,24,131,36.866330993888354,1972.4115742536173,359.0
49.462843,1.075456,103.0,2023-11-29 07:19:58+00:00,24,126,34.1871561436634,2000.9008710400035,362.0
49.462733,1.075679,103.0,2023-11-29 07:20:01+00:00,24,129,33.177782503761115,2028.5490231264712,365.0
49.462623,1.076246,102.8,2023-11-29 07:20:06+00:00,24,125,46.24029035817522,2092.771648623937,370.0
49.462598,1.076356,102.6,2023-11-29 07:20:07+00:00,24,125,45.15570277915301,2105.314899395924,371.0
49.462537,1.076549,102.0,2023-11-29 07:20:09+00:00,24,124,40.5119827546998,2127.8215564818684,373.0
49.462398,1.076892,102.0,2023-11-29 07:20:13+00:00,24,123,37.036453536453756,2168.9731715223725,377.0
49.462218,1.077151,102.2,2023-11-29 07:20:17+00:00,24,126,31.562584991888336,2204.0427104022483,381.0
49.462141,1.077248,101.6,2023-11-29 07:20:19+00:00,24,126,24.786327071854593,2217.812892108834,383.0
49.462048,1.077263,100.8,2023-11-29 07:20:21+00:00,24,126,18.851346241126222,2228.285862242793,385.0
49.461927,1.077248,100.4,2023-11-29 07:20:23+00:00,24,126,24.399388241153186,2241.8410779323226,387.0
49.461875,1.077275,100.4,2023-11-29 07:20:24+00:00,24,125,23.451137422943958,2248.355282772029,388.0
49.461815,1.07736,100.2,2023-11-29 07:20:26+00:00,24,128,20.823124732484253,2259.923685401187,390.0
49.461859,1.077504,100.2,2023-11-29 07:20:27+00:00,24,130,60.273419849954266,2276.6663020261744,391.0
49.461927,1.077711,100.0,2023-11-29 07:20:29+00:00,24,133,43.60871959700001,2300.8933684689523,393.0
49.46194,1.077852,100.2,2023-11-29 07:20:31+00:00,24,136,28.340924862544988,2316.6383267259216,395.0
49.461952,1.078043,100.2,2023-11-29 07:20:33+00:00,24,135,38.304164363879764,2337.918418039188,397.0
49.461974,1.078244,100.2,2023-11-29 07:20:35+00:00,24,136,40.4704998804937,2360.4020290839067,399.0
49.462026,1.07894,100.2,2023-11-29 07:20:42+00:00,24,134,39.912321277666734,2438.0093204571476,406.0
49.462005,1.079372,100.2,2023-11-29 07:20:47+00:00,24,138,34.62689552891625,2486.1022309139757,411.0
49.461993,1.079446,100.0,2023-11-29 07:20:48+00:00,24,136,30.009147400248988,2494.4381051918226,412.0
49.461959,1.079581,99.4,2023-11-29 07:20:50+00:00,24,135,27.86384023322702,2509.9180164325044,414.0
49.461908,1.079713,98.6,2023-11-29 07:20:53+00:00,24,134,18.881759745185224,2525.652816220159,417.0
49.461898,1.079727,98.4,2023-11-29 07:20:54+00:00,24,135,6.886638379802742,2527.5657713256596,418.0
49.46188,1.079715,98.4,2023-11-29 07:20:57+00:00,24,134,2.886262046459628,2529.9709896977092,421.0
49.461893,1.079782,98.4,2023-11-29 07:21:06+00:00,24,133,3.0355815772803436,2537.55994364091,430.0
49.461861,1.079807,98.6,2023-11-29 07:21:12+00:00,24,130,2.7089354620274375,2542.0748360776224,436.0
49.461844,1.079859,98.8,2023-11-29 07:21:14+00:00,24,131,10.949729470437306,2548.158019116754,438.0
49.461794,1.079987,99.8,2023-11-29 07:21:17+00:00,23,131,18.335932556792095,2563.437962914081,441.0
49.461745,1.080128,100.2,2023-11-29 07:21:20+00:00,23,132,19.917507524209718,2580.035885850922,444.0
49.461623,1.080407,100.6,2023-11-29 07:21:25+00:00,23,134,24.37830468008087,2613.8946423510342,449.0
49.461529,1.080605,100.4,2023-11-29 07:21:29+00:00,23,134,21.933845424579946,2638.265581711679,453.0
49.461483,1.080672,100.6,2023-11-29 07:21:31+00:00,23,135,16.265564637133917,2647.3020065100864,455.0
49.461436,1.080786,100.8,2023-11-29 07:21:33+00:00,23,134,24.679676742098952,2661.0129380334747,457.0
49.461353,1.081008,101.2,2023-11-29 07:21:37+00:00,23,134,23.718204789751464,2687.366498910976,461.0
49.461279,1.081178,101.8,2023-11-29 07:21:40+00:00,23,135,24.738967777490405,2707.982305392218,464.0
49.461219,1.081308,101.2,2023-11-29 07:21:42+00:00,23,136,28.656347127390063,2723.902498240768,466.0
49.460909,1.081728,100.4,2023-11-29 07:21:49+00:00,22,137,29.850073350832453,2781.9443075340537,473.0
49.460795,1.081848,99.8,2023-11-29 07:21:51+00:00,22,136,33.125644495065686,2800.3474433646456,475.0
49.460732,1.081898,99.6,2023-11-29 07:21:52+00:00,22,138,32.192784924026014,2809.2898836213194,476.0
49.4606,1.081975,99.2,2023-11-29 07:21:54+00:00,22,138,30.58236339940714,2826.280085509879,478.0
49.460401,1.082085,98.6,2023-11-29 07:21:57+00:00,22,135,30.335864106398787,2851.5599722652114,481.0
49.460209,1.082201,97.4,2023-11-29 07:22:00+00:00,22,136,29.928144193441295,2876.5000924264123,484.0
49.459995,1.082297,96.2,2023-11-29 07:22:03+00:00,22,136,31.291792221774323,2902.5765859445573,487.0
49.459781,1.082381,95.0,2023-11-29 07:22:06+00:00,22,136,30.671130675717826,2928.1358615076556,490.0
49.459706,1.082417,94.6,2023-11-29 07:22:07+00:00,22,136,33.2972917482262,2937.3851092154964,491.0
49.459549,1.082471,93.8,2023-11-29 07:22:09+00:00,22,133,33.22516672152805,2955.843535171901,493.0
49.45939,1.082527,92.8,2023-11-29 07:22:11+00:00,22,131,33.734760514225364,2974.585068790915,495.0
49.45923,1.082593,91.6,2023-11-29 07:22:13+00:00,22,131,34.63643131126424,2993.8275306305063,497.0
49.459152,1.082621,91.2,2023-11-29 07:22:14+00:00,22,132,33.16911906152451,3003.0411748142633,498.0
49.458999,1.082651,90.0,2023-11-29 07:22:16+00:00,22,132,31.20084531161181,3020.3749777651587,500.0
49.458845,1.082678,88.8,2023-11-29 07:22:18+00:00,22,130,31.28796174395438,3037.757178734022,502.0
49.458776,1.082676,88.6,2023-11-29 07:22:19+00:00,22,131,27.627491231854332,3045.4314818539815,503.0
49.458706,1.082669,88.4,2023-11-29 07:22:20+00:00,22,129,28.155900879636214,3053.2525654316582,504.0
49.458154,1.08267,88.4,2023-11-29 07:22:26+00:00,22,131,36.82124540235811,3114.6213077689217,510.0
49.45801,1.082681,88.4,2023-11-29 07:22:27+00:00,22,132,57.801126544536615,3130.6771762535154,511.0
49.457695,1.082698,87.6,2023-11-29 07:22:30+00:00,22,131,42.08535476988029,3165.7483052284156,514.0
49.457543,1.08269,87.6,2023-11-29 07:22:32+00:00,22,128,30.459615766647925,3182.6703139876645,516.0
49.457476,1.082678,87.2,2023-11-29 07:22:33+00:00,22,128,27.242282475606142,3190.2376146753327,517.0
49.457218,1.082653,86.8,2023-11-29 07:22:36+00:00,22,125,34.581074955588164,3219.055177138323,520.0
49.457077,1.08265,86.6,2023-11-29 07:22:38+00:00,22,126,28.222622506012325,3234.7344118638853,522.0
49.456766,1.082572,85.8,2023-11-29 07:22:43+00:00,22,125,25.66561321716456,3270.381096887725,527.0
49.456577,1.082496,85.4,2023-11-29 07:22:46+00:00,21,123,27.177395855580233,3293.028926767375,530.0
49.456396,1.082425,85.6,2023-11-29 07:22:49+00:00,21,126,25.939191486587376,3314.6449196728645,533.0
49.456332,1.082404,85.6,2023-11-29 07:22:50+00:00,21,128,26.958883009047106,3322.1334982864887,534.0
49.456056,1.082313,84.2,2023-11-29 07:22:54+00:00,21,131,29.078728430158527,3354.4431965422204,538.0
49.455993,1.082298,83.6,2023-11-29 07:22:55+00:00,21,133,25.919603652346527,3361.64308644565,539.0
49.455928,1.082307,83.4,2023-11-29 07:22:56+00:00,21,134,26.26324931584599,3368.9384334778297,540.0
49.455874,1.08234,83.0,2023-11-29 07:22:57+00:00,21,135,25.329832402556406,3375.974498034095,541.0
49.455813,1.082384,82.8,2023-11-29 07:22:58+00:00,21,135,30.104373349538683,3384.3368239645224,542.0
49.455694,1.082481,82.0,2023-11-29 07:23:00+00:00,21,135,30.724916134949343,3401.406221817272,544.0
49.455572,1.082612,81.0,2023-11-29 07:23:02+00:00,21,134,35.826271449191076,3421.3097059557117,546.0
49.455509,1.082678,80.4,2023-11-29 07:23:03+00:00,21,135,36.520997578187675,3431.454427505208,547.0
49.455447,1.082745,80.0,2023-11-29 07:23:04+00:00,21,136,36.53864146007444,3441.6040501330067,548.0
49.455245,1.082946,79.0,2023-11-29 07:23:07+00:00,21,135,38.02057077953495,3473.2878591159524,551.0
49.455173,1.083019,78.6,2023-11-29 07:23:08+00:00,21,132,41.0404913481685,3484.6879956015546,552.0
49.455098,1.083092,78.2,2023-11-29 07:23:09+00:00,21,134,41.892280141835286,3496.324740085398,553.0
49.455012,1.08318,77.6,2023-11-29 07:23:10+00:00,21,134,49.25071081782414,3510.005493090349,554.0
49.454923,1.083263,76.6,2023-11-29 07:23:11+00:00,21,135,48.71060146728428,3523.5362157201503,555.0
49.454815,1.083357,75.4,2023-11-29 07:23:12+00:00,21,135,57.30865773792747,3539.455287314019,556.0
49.454659,1.083505,73.8,2023-11-29 07:23:14+00:00,21,135,43.03536862407703,3563.3638254385064,558.0
49.454588,1.083569,72.8,2023-11-29 07:23:15+00:00,21,135,38.260129956765944,3573.991639315386,559.0
49.454511,1.083627,71.6,2023-11-29 07:23:16+00:00,21,133,38.58476763383679,3584.709630324785,560.0
49.454371,1.083743,69.8,2023-11-29 07:23:18+00:00,21,133,36.386188797032176,3604.9241796564693,562.0
49.454296,1.083803,68.8,2023-11-29 07:23:19+00:00,21,134,38.44353248819921,3615.602938680969,563.0
49.454228,1.083878,67.8,2023-11-29 07:23:20+00:00,21,134,40.52221385809348,3626.859109197106,564.0
49.454103,1.084063,65.8,2023-11-29 07:23:22+00:00,21,133,44.685405100016546,3651.684334252671,566.0
49.45404,1.084146,65.0,2023-11-29 07:23:23+00:00,21,132,41.70940325640581,3663.2702796016724,567.0
49.453979,1.084236,64.2,2023-11-29 07:23:24+00:00,21,132,43.52012243144435,3675.359202499296,568.0
49.453861,1.084417,62.6,2023-11-29 07:23:26+00:00,21,131,43.24371184180809,3699.383486855856,570.0
49.453826,1.08452,61.6,2023-11-29 07:23:27+00:00,21,132,43.54569274693069,3711.4795126188924,571.0
49.453744,1.08466,59.8,2023-11-29 07:23:29+00:00,21,131,32.47233695651054,3729.519699816954,573.0
49.453659,1.084779,57.8,2023-11-29 07:23:31+00:00,21,133,29.268196817432507,3745.779809159972,575.0
49.453533,1.084914,56.0,2023-11-29 07:23:33+00:00,21,132,36.95768791735304,3766.311858002946,577.0
49.45345,1.084981,55.2,2023-11-29 07:23:34+00:00,21,132,42.69463408050959,3778.1714785808654,578.0
49.453386,1.085028,54.4,2023-11-29 07:23:35+00:00,21,132,31.781868844649676,3786.999775482157,579.0
49.453259,1.08511,53.2,2023-11-29 07:23:37+00:00,21,135,30.253395296124058,3803.807217313337,581.0
49.453108,1.085175,52.2,2023-11-29 07:23:39+00:00,21,136,32.89899629380333,3822.084437476561,583.0
49.453031,1.085203,51.6,2023-11-29 07:23:40+00:00,21,134,32.79268633381695,3831.1935170137326,584.0
49.452886,1.085252,50.6,2023-11-29 07:23:42+00:00,21,135,30.62926860555602,3848.2097773501528,586.0
49.452817,1.08526,49.6,2023-11-29 07:23:43+00:00,21,134,27.80092555394526,3855.9322566706933,587.0
49.452745,1.085267,48.4,2023-11-29 07:23:44+00:00,21,134,28.952472536129942,3863.9746101529518,588.0
49.452671,1.085264,47.4,2023-11-29 07:23:45+00:00,21,134,29.641351724661693,3872.2083189653576,589.0
49.452601,1.08527,46.2,2023-11-29 07:23:46+00:00,21,133,28.118859687141015,3880.019113322897,590.0
49.452509,1.085249,44.4,2023-11-29 07:23:47+00:00,21,132,37.768556170438806,3890.5103789257964,591.0
49.452325,1.085179,43.6,2023-11-29 07:23:49+00:00,21,131,39.39661401749569,3912.397386713294,593.0
49.452236,1.085143,42.6,2023-11-29 07:23:50+00:00,21,131,38.42512814836157,3923.071033421172,594.0
49.452085,1.085045,40.8,2023-11-29 07:23:52+00:00,21,131,36.025389885894256,3943.0851389133354,596.0
49.452022,1.084965,39.4,2023-11-29 07:23:53+00:00,21,130,40.75924260583089,3954.4071507482886,597.0
49.45195,1.084894,38.2,2023-11-29 07:23:54+00:00,21,130,40.474329103707,3965.650019943763,598.0
49.451883,1.084819,37.0,2023-11-29 07:23:55+00:00,21,131,40.25449631336897,3976.831824475254,599.0
49.451824,1.084732,35.8,2023-11-29 07:23:56+00:00,21,129,42.076934646128755,3988.5198618769564,600.0
49.451773,1.084648,34.6,2023-11-29 07:23:57+00:00,21,129,39.335767590024936,3999.4464639852968,601.0
49.451726,1.084568,33.4,2023-11-29 07:23:58+00:00,21,129,37.14016788184963,4009.7631772858103,602.0
49.451684,1.084488,31.8,2023-11-29 07:23:59+00:00,21,128,36.16780579847586,4019.809790007609,603.0
49.451634,1.084404,30.4,2023-11-29 07:24:00+00:00,21,127,39.12958071344221,4030.6791179835654,604.0
49.451578,1.084312,29.2,2023-11-29 07:24:01+00:00,21,126,43.11172921497792,4042.6545983210594,605.0
49.451507,1.084219,28.2,2023-11-29 07:24:02+00:00,21,125,46.83392587749274,4055.6640221759185,606.0
49.451432,1.084124,27.4,2023-11-29 07:24:03+00:00,21,126,48.44806477903437,4069.1218179478724,607.0
49.451352,1.084033,27.0,2023-11-29 07:24:04+00:00,21,124,48.49884605763968,4082.59371963055,608.0
49.451276,1.083958,26.4,2023-11-29 07:24:05+00:00,21,124,42.73852896065149,4094.4655332307307,609.0
49.451206,1.083891,25.4,2023-11-29 07:24:06+00:00,21,125,38.78435607216884,4105.238965473,610.0
49.451119,1.083844,24.0,2023-11-29 07:24:07+00:00,21,125,39.57786262865682,4116.232816203182,611.0
49.451025,1.083801,22.6,2023-11-29 07:24:08+00:00,21,125,41.37237761072809,4127.725143317273,612.0
49.450911,1.083768,21.6,2023-11-29 07:24:09+00:00,21,124,47.500065404496894,4140.919605929634,613.0
49.450698,1.083746,19.6,2023-11-29 07:24:11+00:00,21,123,42.85134714408393,4164.72590989857,615.0
49.450597,1.083742,18.6,2023-11-29 07:24:12+00:00,21,123,40.454943378233956,4175.963394170301,616.0
49.450502,1.083745,17.4,2023-11-29 07:24:13+00:00,21,122,38.04082262394387,4186.530289343619,617.0
49.45041,1.083754,16.4,2023-11-29 07:24:14+00:00,21,122,36.99700332861789,4196.80723471268,618.0
49.450326,1.083761,15.2,2023-11-29 07:24:15+00:00,21,123,33.735904174785915,4206.178319205676,619.0
49.450246,1.083771,14.0,2023-11-29 07:24:16+00:00,21,122,32.2676732105086,4215.141561764151,620.0
49.450171,1.083777,12.6,2023-11-29 07:24:17+00:00,21,121,30.11319570612223,4223.506338349185,621.0
49.450103,1.083782,11.4,2023-11-29 07:24:18+00:00,21,120,27.289147278082446,4231.086657037541,622.0
49.450035,1.083783,10.2,2023-11-29 07:24:19+00:00,21,119,27.218592212751286,4238.647377096639,623.0
49.449905,1.083791,8.6,2023-11-29 07:24:21+00:00,21,118,26.064188180591845,4253.127481641412,625.0
49.449707,1.083799,7.2,2023-11-29 07:24:24+00:00,21,118,26.436748231962714,4275.158105168047,628.0
49.449586,1.083807,5.8,2023-11-29 07:24:26+00:00,21,118,24.266806537928566,4288.639664355785,630.0
49.449463,1.083816,4.8,2023-11-29 07:24:28+00:00,21,119,24.679979510831558,4302.350764084024,632.0
49.449325,1.083837,3.0,2023-11-29 07:24:30+00:00,21,116,27.933910404996688,4317.869603197912,634.0
49.44923,1.083828,2.0,2023-11-29 07:24:32+00:00,21,116,19.096082632827848,4328.478537993927,636.0
49.449182,1.083829,1.6,2023-11-29 07:24:33+00:00,21,116,19.215215777250943,4333.816097932052,637.0
49.448997,1.08383,0.6,2023-11-29 07:24:36+00:00,21,114,24.681217975922074,4354.383779578654,640.0
49.448912,1.083828,-0.6,2023-11-29 07:24:38+00:00,21,116,17.014489644066963,4363.836273825358,642.0
49.448865,1.083835,-1.8,2023-11-29 07:24:41+00:00,20,114,6.339458561847572,4369.119155960231,645.0
49.448857,1.083869,-2.2,2023-11-29 07:24:48+00:00,20,114,1.9974010455802642,4373.002991326637,652.0
49.448809,1.083754,-2.0,2023-11-29 07:24:52+00:00,20,109,12.47061007461163,4386.859224742872,656.0
49.448672,1.083673,-1.8,2023-11-29 07:24:55+00:00,20,112,21.233727997740985,4404.553998074323,659.0
49.448573,1.08359,-2.4,2023-11-29 07:24:57+00:00,20,112,25.85473161849606,4418.917737862376,661.0
49.448522,1.083542,-3.0,2023-11-29 07:24:58+00:00,20,111,28.032756008311644,4426.704614531352,662.0
49.448393,1.083474,-3.6,2023-11-29 07:25:00+00:00,20,109,29.182964060387683,4442.917372342678,664.0
49.448309,1.08346,-4.0,2023-11-29 07:25:01+00:00,20,109,34.08323553898221,4452.384937770174,665.0
49.448146,1.083384,-5.4,2023-11-29 07:25:02+00:00,20,112,71.98255722915546,4472.38009255605,666.0
49.447972,1.08333,-5.8,2023-11-29 07:25:05+00:00,20,117,24.305922724422246,4492.635028159735,669.0
49.44777,1.083294,-6.8,2023-11-29 07:25:07+00:00,20,120,41.06041019702569,4515.4463671580825,671.0
49.447568,1.083276,-8.2,2023-11-29 07:25:09+00:00,20,122,40.58347736684822,4537.992743472998,673.0
49.447476,1.08327,-9.2,2023-11-29 07:25:10+00:00,20,122,36.89942838348883,4548.2425846906335,674.0
49.447392,1.08327,-11.0,2023-11-29 07:25:11+00:00,20,121,33.6193361289124,4557.5812891708865,675.0
49.447315,1.083277,-12.8,2023-11-29 07:25:12+00:00,20,121,30.944854033860736,4566.17708195807,676.0
49.44725,1.083285,-14.2,2023-11-29 07:25:13+00:00,20,119,26.211328136825795,4573.458006440522,677.0
49.447199,1.083267,-15.4,2023-11-29 07:25:14+00:00,20,119,21.646185789152522,4579.470835826398,678.0
49.447153,1.083259,-16.4,2023-11-29 07:25:15+00:00,20,117,18.687033937528636,4584.661678586823,679.0
49.447096,1.083274,-17.8,2023-11-29 07:25:17+00:00,20,119,11.795050034920806,4591.214484161779,681.0
49.447082,1.08328,-18.2,2023-11-29 07:25:18+00:00,20,119,6.0962937601721245,4592.90789909516,682.0
49.447059,1.083295,-19.0,2023-11-29 07:25:20+00:00,20,117,5.495265627617585,4595.960824443837,684.0
49.447131,1.083288,-19.6,2023-11-29 07:25:22+00:00,20,117,14.47624560841776,4604.00318311518,686.0
49.44722,1.083284,-19.8,2023-11-29 07:25:29+00:00,20,115,5.093779621422671,4613.9077546012795,693.0
49.447215,1.083263,-19.8,2023-11-29 07:25:34+00:00,20,112,1.7282487985043395,4616.308100154758,698.0
49.44721,1.083243,-19.8,2023-11-29 07:25:35+00:00,20,113,8.25234494699724,4618.6004181955905,699.0
49.447205,1.083223,-19.8,2023-11-29 07:25:37+00:00,20,113,4.126172475061475,4620.8927362372915,701.0
49.4472,1.083202,-19.8,2023-11-29 07:25:38+00:00,20,111,8.641244002005747,4623.293081793404,702.0
49.447156,1.083241,-19.8,2023-11-29 07:25:39+00:00,20,111,23.53388885557624,4629.830273142175,703.0
49.447069,1.083361,-19.8,2023-11-29 07:25:41+00:00,20,112,29.66442121359649,4646.310507149729,705.0
49.447099,1.083426,-19.8,2023-11-29 07:25:42+00:00,20,111,28.65634356113407,4654.270602583378,706.0
49.446931,1.083576,-20.2,2023-11-29 07:25:44+00:00,20,110,45.073472388621376,4679.311420577056,708.0
49.446729,1.08386,-20.4,2023-11-29 07:25:48+00:00,20,109,34.87530575639285,4718.061760306382,712.0
49.44669,1.084096,-20.4,2023-11-29 07:25:51+00:00,20,109,31.917340327499005,4744.659543912631,715.0
49.446745,1.084161,-20.2,2023-11-29 07:25:52+00:00,20,111,34.08191899457901,4754.126743633347,716.0
49.446698,1.084267,-20.4,2023-11-29 07:25:54+00:00,20,114,23.207326206563074,4767.019702636993,718.0
49.446646,1.084299,-20.4,2023-11-29 07:25:55+00:00,20,115,24.43818896941706,4773.808088461831,719.0
49.446706,1.084371,-21.2,2023-11-29 07:25:57+00:00,20,120,18.75736234966364,4784.228845322756,721.0
49.446625,1.084395,-21.4,2023-11-29 07:25:58+00:00,20,119,33.81223002690352,4793.62113144134,722.0
49.446464,1.084444,-22.0,2023-11-29 07:26:00+00:00,20,117,33.67815115197961,4812.331215414662,724.0
49.44643,1.084594,-22.2,2023-11-29 07:26:02+00:00,20,121,30.783949085085588,4829.433409350821,726.0
49.446431,1.084756,-22.2,2023-11-29 07:26:04+00:00,20,123,32.42505813186771,4847.447330535192,728.0
49.446451,1.084841,-22.2,2023-11-29 07:26:05+00:00,20,126,34.954517724919384,4857.156918792114,729.0
49.446483,1.084944,-22.2,2023-11-29 07:26:06+00:00,20,126,43.17441731793821,4869.1498124915415,730.0
49.446447,1.085152,-22.2,2023-11-29 07:26:08+00:00,20,125,42.25010612171869,4892.622093670274,732.0
49.446246,1.085638,-22.4,2023-11-29 07:26:12+00:00,20,122,52.630783294380414,4951.100741775141,736.0
49.446233,1.085735,-22.6,2023-11-29 07:26:13+00:00,20,125,39.17630879674967,4961.983049774238,737.0
49.446224,1.085849,-22.8,2023-11-29 07:26:15+00:00,20,125,22.88816927119086,4974.698699369344,739.0
49.446142,1.085974,-23.2,2023-11-29 07:26:19+00:00,20,124,14.9600506485328,4991.320977867714,743.0
49.446108,1.086009,-23.4,2023-11-29 07:26:20+00:00,20,125,19.53121661637219,4996.746315816706,744.0
49.446034,1.086074,-24.0,2023-11-29 07:26:23+00:00,20,126,13.141061012690493,5007.697199993948,747.0
49.445982,1.086109,-24.2,2023-11-29 07:26:26+00:00,20,123,8.362835109345115,5014.666229251736,750.0
49.445918,1.086133,-24.4,2023-11-29 07:26:29+00:00,20,123,9.119042141664668,5022.265431036456,753.0
49.445861,1.086104,-24.4,2023-11-29 07:26:31+00:00,20,120,12.798443185255922,5029.375677250487,755.0
49.445779,1.086046,-24.6,2023-11-29 07:26:33+00:00,20,119,20.100553141579695,5040.542651218031,757.0
49.445538,1.085961,-24.6,2023-11-29 07:26:37+00:00,20,119,25.57023023428862,5068.954018145018,761.0
49.445278,1.08585,-25.4,2023-11-29 07:26:41+00:00,20,125,28.287330178759763,5100.384385010307,765.0
49.445209,1.085815,-26.0,2023-11-29 07:26:42+00:00,20,125,30.966619593028142,5108.986223786148,766.0
49.445069,1.085749,-27.2,2023-11-29 07:26:44+00:00,20,125,30.974251901865404,5126.194141509406,768.0
49.444999,1.085716,-27.4,2023-11-29 07:26:45+00:00,20,128,30.974252313394953,5134.798100485349,769.0
49.444841,1.085655,-27.8,2023-11-29 07:26:47+00:00,20,131,33.893549155438784,5153.627850016149,771.0
49.44477,1.085613,-28.0,2023-11-29 07:26:48+00:00,20,133,33.01746953429959,5162.799369331232,772.0
49.444701,1.085577,-28.2,2023-11-29 07:26:49+00:00,20,131,31.149779993139088,5171.452085995993,773.0
49.444579,1.085495,-29.2,2023-11-29 07:26:51+00:00,20,132,29.41785967534179,5187.795341371183,775.0
49.444449,1.085404,-29.8,2023-11-29 07:26:53+00:00,20,132,31.757160165613328,5205.438208129857,777.0
49.444316,1.085296,-30.4,2023-11-29 07:26:55+00:00,20,133,34.28757485102248,5224.48686082487,779.0
49.444011,1.08512,-31.6,2023-11-29 07:26:59+00:00,20,135,35.23559707309356,5263.637524239418,783.0
49.443864,1.085028,-32.2,2023-11-29 07:27:01+00:00,20,138,34.70482776396565,5282.917984108288,785.0
49.44371,1.084948,-32.8,2023-11-29 07:27:03+00:00,20,136,34.72920169863286,5302.211985051973,787.0
49.44357,1.084861,-33.8,2023-11-29 07:27:05+00:00,20,131,32.986644342693594,5320.5378985756915,789.0
49.443502,1.084824,-34.0,2023-11-29 07:27:06+00:00,20,132,30.98486062262949,5329.1448043042,790.0
49.443183,1.084616,-35.2,2023-11-29 07:27:11+00:00,20,133,30.484866289570615,5371.484896373048,795.0
49.443131,1.084557,-35.4,2023-11-29 07:27:12+00:00,20,136,31.479172623636373,5380.229110990725,796.0
49.442899,1.084368,-36.4,2023-11-29 07:27:16+00:00,20,137,29.943419399623117,5413.499576990306,800.0
49.44284,1.084329,-36.8,2023-11-29 07:27:17+00:00,20,137,28.30773951983442,5421.362837968038,801.0
49.442693,1.084202,-37.8,2023-11-29 07:27:20+00:00,20,137,25.918575647349773,5442.961651007496,804.0
49.442654,1.084166,-38.2,2023-11-29 07:27:21+00:00,20,137,21.24412834169894,5448.8627977690785,805.0
49.442591,1.084133,-39.0,2023-11-29 07:27:24+00:00,20,135,9.488435757481867,5456.76982756698,808.0
49.442588,1.084125,-39.2,2023-11-29 07:27:25+00:00,19,136,3.4201040549710777,5457.719856471139,809.0
49.442597,1.084101,-39.4,2023-11-29 07:27:32+00:00,19,135,1.4657588816565528,5460.569943185471,816.0
49.442575,1.084048,-39.4,2023-11-29 07:27:34+00:00,19,132,11.485288758858488,5466.950659162614,818.0
49.442526,1.083947,-39.2,2023-11-29 07:27:36+00:00,19,128,22.467896154680236,5479.432823692992,820.0
49.442354,1.083779,-39.4,2023-11-29 07:27:41+00:00,19,125,19.247382406731134,5506.165299257897,825.0
49.442318,1.08363,-40.0,2023-11-29 07:27:45+00:00,19,125,15.340142936171558,5523.20990252031,829.0
49.442306,1.083493,-39.6,2023-11-29 07:27:48+00:00,19,122,18.35041281798471,5538.501913201963,832.0
49.442274,1.08338,-39.2,2023-11-29 07:27:50+00:00,19,121,23.50612720600889,5551.560872760857,834.0
49.442276,1.083243,-39.2,2023-11-29 07:27:53+00:00,19,116,18.282393080708594,5566.796200328114,837.0
49.442278,1.083224,-39.4,2023-11-29 07:27:54+00:00,19,115,7.647738949755622,5568.920572258601,838.0
49.442307,1.083167,-39.8,2023-11-29 07:27:57+00:00,19,112,8.533199817814706,5576.03157210678,841.0
49.442312,1.083115,-40.0,2023-11-29 07:28:00+00:00,19,113,6.97055367508741,5581.84036683602,844.0
49.442301,1.083075,-40.0,2023-11-29 07:28:02+00:00,19,116,8.303141858711026,5586.453223424192,846.0
49.442304,1.08306,-40.0,2023-11-29 07:28:05+00:00,19,119,2.0411323383296818,5588.154167039467,849.0
49.442283,1.083043,-40.2,2023-11-29 07:28:06+00:00,19,118,10.814390084932574,5591.158164285282,850.0
49.442184,1.082956,-40.4,2023-11-29 07:28:11+00:00,19,116,10.5505136361103,5605.811655446546,855.0
49.442189,1.082808,-40.4,2023-11-29 07:28:15+00:00,19,115,14.81961111863269,5622.277890022804,859.0
49.442031,1.082615,-39.4,2023-11-29 07:28:19+00:00,19,112,24.95956090296434,5650.010735470542,863.0
49.44203,1.082552,-39.0,2023-11-29 07:28:20+00:00,19,108,25.222185026941478,5657.0168979780265,864.0
49.442038,1.082494,-38.8,2023-11-29 07:28:21+00:00,19,109,23.437238152907177,5663.52724190939,865.0
49.441998,1.08236,-37.8,2023-11-29 07:28:24+00:00,19,110,18.659495301155754,5679.076821327019,868.0
49.441859,1.082273,-36.6,2023-11-29 07:28:27+00:00,19,112,21.877915711176385,5697.308417753,871.0
49.441816,1.082243,-36.2,2023-11-29 07:28:28+00:00,19,113,20.98566480988271,5703.137769089079,872.0
49.441787,1.082213,-36.2,2023-11-29 07:28:29+00:00,19,110,16.70126768285961,5707.777010112095,873.0
49.441686,1.082127,-36.0,2023-11-29 07:28:32+00:00,19,113,17.698669948932835,5722.525901736206,876.0
49.441571,1.082034,-35.8,2023-11-29 07:28:35+00:00,19,113,19.732562915044024,5738.969704165409,879.0
49.441474,1.081961,-35.2,2023-11-29 07:28:37+00:00,19,115,24.295582473839996,5752.467249984209,881.0
49.441439,1.081933,-34.8,2023-11-29 07:28:38+00:00,19,118,17.940321746882915,5757.450672691676,882.0
49.441303,1.081823,-34.4,2023-11-29 07:28:41+00:00,19,119,23.33736086975265,5776.89847341647,885.0
49.441173,1.081717,-34.2,2023-11-29 07:28:44+00:00,19,122,22.379526944987326,5795.548079203959,888.0
49.441001,1.081583,-33.4,2023-11-29 07:28:48+00:00,19,122,21.817697292143126,5819.789965084118,892.0
49.440915,1.081519,-33.4,2023-11-29 07:28:50+00:00,19,124,21.453862335017764,5831.708777492461,894.0
49.44072,1.081433,-33.2,2023-11-29 07:28:53+00:00,19,123,28.433465506340248,5855.403332081078,897.0
49.440576,1.081335,-32.6,2023-11-29 07:28:56+00:00,19,122,23.239198233488608,5874.769330608985,900.0
49.440256,1.081148,-32.2,2023-11-29 07:29:02+00:00,19,121,24.724239682323116,5915.97639674619,906.0
49.440144,1.081079,-32.2,2023-11-29 07:29:04+00:00,19,123,26.32614304202143,5930.602031769536,908.0
49.439782,1.080821,-32.0,2023-11-29 07:29:11+00:00,19,123,25.41794526698333,5980.025814233114,915.0
49.439733,1.080782,-32.2,2023-11-29 07:29:12+00:00,19,123,25.066515448858212,5986.98873519113,916.0
49.439526,1.080632,-32.0,2023-11-29 07:29:16+00:00,19,126,25.57975024407066,6015.410679906764,920.0
49.43947,1.080601,-32.0,2023-11-29 07:29:17+00:00,19,127,25.618950264446493,6022.527054980222,921.0
49.439264,1.080452,-32.6,2023-11-29 07:29:21+00:00,19,128,25.440015695322487,6050.793739086135,925.0
49.439169,1.080405,-32.8,2023-11-29 07:29:23+00:00,19,129,21.211073765508083,6062.577668955862,927.0
49.439125,1.08039,-32.8,2023-11-29 07:29:24+00:00,19,127,18.605685801396,6067.745915011805,928.0
49.439042,1.080375,-33.0,2023-11-29 07:29:26+00:00,19,129,16.878725014383928,6077.12298446424,930.0
49.438999,1.080377,-33.2,2023-11-29 07:29:27+00:00,19,130,17.22852660221445,6081.9086862981885,931.0
49.438959,1.080385,-33.2,2023-11-29 07:29:28+00:00,19,129,16.32637967806687,6086.443791764318,932.0
49.438885,1.080392,-33.6,2023-11-29 07:29:31+00:00,19,131,9.91644097076837,6094.707492573291,935.0
49.438863,1.080401,-34.0,2023-11-29 07:29:33+00:00,19,128,4.756807299354874,6097.350163295155,937.0
49.438862,1.080407,-34.2,2023-11-29 07:29:35+00:00,19,128,1.217464350638292,6098.026532378843,939.0
49.438864,1.08041,-34.2,2023-11-29 07:29:36+00:00,19,127,1.4432294876728216,6098.427429458752,940.0
49.43887,1.080416,-34.2,2023-11-29 07:29:45+00:00,19,125,0.37737454895829503,6099.370865831148,949.0
49.438881,1.080438,-34.2,2023-11-29 07:29:52+00:00,19,122,1.4065386776217457,6102.105802148746,956.0
49.438881,1.080438,-34.2,2023-11-29 07:29:53+00:00,19,122,0.0,6102.105802148746,957.0
49.438872,1.080433,-34.2,2023-11-29 07:30:01+00:00,19,118,0.5150998380798403,6103.25046845559,965.0
49.43882,1.080374,-34.2,2023-11-29 07:30:04+00:00,19,115,10.493063868815215,6111.994688346269,968.0
49.438796,1.080347,-34.0,2023-11-29 07:30:05+00:00,19,118,14.459679064706105,6116.011265864243,969.0
49.438769,1.080314,-34.0,2023-11-29 07:30:06+00:00,19,119,17.06685338277352,6120.752058470569,970.0
49.438714,1.080219,-34.2,2023-11-29 07:30:08+00:00,19,122,21.97007930833409,6132.95765808631,972.0
49.438662,1.080096,-34.2,2023-11-29 07:30:10+00:00,19,124,26.72747804612456,6147.806257000824,974.0
49.438592,1.079975,-34.4,2023-11-29 07:30:12+00:00,19,125,27.97766873284662,6163.34940629685,976.0
49.438464,1.079828,-34.4,2023-11-29 07:30:15+00:00,19,126,26.006670091680093,6185.02163137325,979.0
49.438167,1.079483,-34.4,2023-11-29 07:30:22+00:00,19,128,26.030776315557798,6235.637029764613,986.0
49.438097,1.07938,-34.6,2023-11-29 07:30:24+00:00,19,127,24.92441802961187,6249.483928669953,988.0
49.437958,1.079247,-34.6,2023-11-29 07:30:27+00:00,19,124,25.66761612692671,6270.873608775725,991.0
49.43777,1.079118,-34.4,2023-11-29 07:30:31+00:00,19,124,22.8146667579669,6296.223238506799,995.0
49.437712,1.079078,-34.4,2023-11-29 07:30:32+00:00,19,124,28.20013332867901,6304.056608875877,996.0
49.437567,1.07896,-34.4,2023-11-29 07:30:35+00:00,19,121,24.942344046969417,6324.841895581685,999.0
49.437357,1.078797,-34.8,2023-11-29 07:30:39+00:00,19,120,26.600751659605265,6354.39828631458,1003.0
49.437165,1.078627,-35.2,2023-11-29 07:30:43+00:00,19,122,25.66128782456226,6382.910828341872,1007.0
49.437022,1.078515,-35.2,2023-11-29 07:30:46+00:00,19,120,24.23424138686394,6403.106029497591,1010.0
49.436804,1.078284,-35.0,2023-11-29 07:30:52+00:00,19,119,21.189137844912324,6438.421259239112,1016.0
49.436629,1.078099,-34.6,2023-11-29 07:30:57+00:00,19,118,20.386193737588048,6466.735417207985,1021.0
49.436355,1.07782,-34.8,2023-11-29 07:31:04+00:00,19,118,22.36040075406457,6510.213974229777,1028.0
49.436148,1.077634,-34.2,2023-11-29 07:31:09+00:00,19,119,22.27776680928722,6541.155317020453,1033.0
49.436062,1.077556,-34.4,2023-11-29 07:31:11+00:00,19,121,23.235941884723495,6554.064173623077,1035.0
49.435745,1.077249,-34.6,2023-11-29 07:31:18+00:00,19,122,25.233364750518064,6603.129049526862,1042.0
49.43539,1.07694,-34.8,2023-11-29 07:31:25+00:00,19,122,26.911538158649975,6655.457040390904,1049.0
49.435176,1.07674,-34.0,2023-11-29 07:31:30+00:00,19,123,23.44822906550704,6688.024025204108,1054.0
49.435032,1.076627,-34.2,2023-11-29 07:31:33+00:00,19,126,24.42156960867861,6708.37533321134,1057.0
49.434937,1.076562,-34.4,2023-11-29 07:31:35+00:00,19,123,23.036324939777085,6721.173291511216,1059.0
49.434898,1.076531,-34.4,2023-11-29 07:31:36+00:00,19,122,19.940745176418982,6726.712387393554,1060.0
49.434773,1.076464,-34.4,2023-11-29 07:31:39+00:00,19,123,18.921514455724743,6742.480316106658,1063.0
49.434635,1.07646,-34.4,2023-11-29 07:31:40+00:00,19,124,55.25509532221507,6757.828953696163,1064.0
49.434442,1.076446,-35.4,2023-11-29 07:31:43+00:00,19,121,25.81587712208189,6779.342184631231,1067.0
49.434422,1.076415,-35.6,2023-11-29 07:31:44+00:00,19,122,14.767059052664525,6783.444145479194,1068.0
49.434392,1.076358,-35.8,2023-11-29 07:31:49+00:00,19,123,5.156708277893547,6790.606240309602,1073.0
49.434409,1.076313,-36.0,2023-11-29 07:31:51+00:00,19,127,9.627855984766894,6795.955049190028,1075.0
49.43445,1.07621,-36.0,2023-11-29 07:31:54+00:00,19,125,14.792162909326867,6808.281851614467,1078.0
49.434453,1.076097,-35.6,2023-11-29 07:31:56+00:00,19,126,22.625014474735163,6820.851304100431,1080.0
49.434388,1.075998,-35.4,2023-11-29 07:31:58+00:00,19,126,23.702891340926676,6834.019577067612,1082.0
49.43414,1.075749,-35.0,2023-11-29 07:32:03+00:00,19,125,28.133360526991012,6873.093688910655,1087.0
49.433813,1.075421,-36.0,2023-11-29 07:32:09+00:00,19,128,30.897610012757447,6924.589705598584,1093.0
49.433739,1.075364,-35.8,2023-11-29 07:32:10+00:00,19,127,37.38713451465533,6934.975020741544,1094.0
49.433629,1.075248,-35.6,2023-11-29 07:32:12+00:00,19,130,31.99393849945576,6952.749431019019,1096.0
49.433408,1.075036,-35.6,2023-11-29 07:32:16+00:00,18,125,30.64462811440506,6986.799017812802,1100.0
49.433355,1.074991,-35.8,2023-11-29 07:32:17+00:00,18,121,27.828921568046667,6994.529273803926,1101.0
49.433303,1.07494,-36.4,2023-11-29 07:32:18+00:00,18,117,29.153534066128646,7002.627477711184,1102.0
49.433252,1.074893,-36.4,2023-11-29 07:32:19+00:00,18,116,27.75995026134307,7010.3385750060015,1103.0
49.433148,1.0748,-36.6,2023-11-29 07:32:21+00:00,18,114,27.92172331991226,7025.850643517064,1105.0
49.432968,1.074658,-36.4,2023-11-29 07:32:24+00:00,18,112,30.588862596785166,7051.341362347718,1108.0
49.432572,1.074349,-35.8,2023-11-29 07:32:30+00:00,18,113,33.507713884781474,7107.187552155688,1114.0
49.432261,1.074064,-35.8,2023-11-29 07:32:36+00:00,18,113,28.140956282919753,7154.089145960554,1120.0
49.432207,1.074023,-36.0,2023-11-29 07:32:37+00:00,18,110,27.13790534402722,7161.627453000561,1121.0
49.432152,1.073982,-36.2,2023-11-29 07:32:38+00:00,18,118,27.457714830404424,7169.2545960090065,1122.0
49.432102,1.073935,-36.2,2023-11-29 07:32:39+00:00,18,118,27.46700558814712,7176.884319783492,1123.0
49.431823,1.073738,-37.0,2023-11-29 07:32:44+00:00,18,118,27.340656695754696,7214.857454083151,1128.0
49.431643,1.073562,-36.6,2023-11-29 07:32:48+00:00,18,122,25.19131941228692,7242.847808985693,1132.0
49.431528,1.073467,-36.6,2023-11-29 07:32:50+00:00,18,122,29.852257311755913,7259.432396381113,1134.0
49.431263,1.073218,-36.2,2023-11-29 07:32:56+00:00,18,120,24.2579547478348,7299.862320960838,1140.0
49.43086,1.072887,-37.2,2023-11-29 07:33:03+00:00,18,120,29.819781201938405,7357.845228853495,1147.0
49.430571,1.07255,-37.0,2023-11-29 07:33:09+00:00,18,121,29.61667250886473,7407.206349701603,1153.0
49.43037,1.072274,-37.2,2023-11-29 07:33:14+00:00,18,121,27.333644647117346,7445.169745044822,1158.0
49.430253,1.072101,-37.6,2023-11-29 07:33:17+00:00,18,122,27.86603829133409,7468.391443620933,1161.0
49.430181,1.072139,-37.8,2023-11-29 07:33:19+00:00,18,118,16.292557377456657,7477.4428643861875,1163.0
49.43004,1.072036,-38.2,2023-11-29 07:33:23+00:00,18,118,17.47256323263425,7496.856823533559,1167.0
49.42999,1.071997,-38.2,2023-11-29 07:33:24+00:00,18,118,25.380913425948957,7503.907077262989,1168.0
49.429912,1.071908,-37.8,2023-11-29 07:33:26+00:00,18,121,23.684597928677523,7517.065187223366,1170.0
49.42988,1.071857,-37.8,2023-11-29 07:33:27+00:00,18,119,24.100164789034864,7523.759677442542,1171.0
49.429786,1.071704,-37.4,2023-11-29 07:33:30+00:00,18,120,23.9594359197669,7543.725874042348,1174.0
49.429677,1.071577,-36.8,2023-11-29 07:33:33+00:00,18,121,22.330094084086372,7562.334285779087,1177.0
49.429549,1.071476,-36.6,2023-11-29 07:33:36+00:00,18,121,21.753930956397518,7580.462561576084,1180.0
49.429469,1.071405,-36.4,2023-11-29 07:33:38+00:00,18,122,21.406565481125604,7592.355097954487,1182.0
49.429262,1.071315,-36.4,2023-11-29 07:33:41+00:00,18,122,30.114121299119475,7617.450199037086,1185.0
49.429163,1.071236,-36.6,2023-11-29 07:33:43+00:00,18,123,25.347804858154312,7631.532312847172,1187.0
49.429025,1.07108,-37.0,2023-11-29 07:33:46+00:00,18,123,27.789304364221252,7654.690066484023,1190.0
49.428945,1.070988,-37.0,2023-11-29 07:33:48+00:00,18,123,24.40015901633267,7668.245710381986,1192.0
49.4289,1.070952,-37.0,2023-11-29 07:33:49+00:00,18,123,23.066178587671736,7674.652982211895,1193.0
49.428783,1.070839,-36.4,2023-11-29 07:33:52+00:00,18,128,21.702285765174782,7692.73822034954,1196.0
49.428746,1.070796,-36.4,2023-11-29 07:33:53+00:00,18,131,22.706397051661252,7699.04555286389,1197.0
49.428711,1.070752,-36.4,2023-11-29 07:33:54+00:00,18,133,22.504549916959274,7705.296816729712,1198.0
49.428642,1.070672,-36.4,2023-11-29 07:33:56+00:00,18,136,21.14349050484386,7717.043200343514,1200.0
49.42851,1.070559,-36.8,2023-11-29 07:33:59+00:00,18,137,23.18331834945444,7736.362632301393,1203.0
49.428454,1.070522,-36.8,2023-11-29 07:34:00+00:00,18,136,26.864706466714388,7743.82505076437,1204.0
49.428419,1.070477,-36.8,2023-11-29 07:34:01+00:00,18,138,22.81920888087059,7750.163719897945,1205.0
49.428206,1.07027,-36.8,2023-11-29 07:34:05+00:00,18,134,29.72125284376079,7783.187334168791,1209.0
49.42811,1.070218,-37.0,2023-11-29 07:34:06+00:00,18,137,43.698549468109434,7795.325820132154,1210.0
49.427905,1.070113,-37.4,2023-11-29 07:34:09+00:00,18,137,30.729033449899795,7820.933348007071,1213.0
49.427845,1.070062,-37.4,2023-11-29 07:34:10+00:00,18,137,31.519140529681646,7829.688664820871,1214.0
49.427666,1.069944,-37.4,2023-11-29 07:34:13+00:00,18,138,28.60401913585128,7853.525347434081,1217.0
49.427441,1.069831,-37.6,2023-11-29 07:34:16+00:00,18,139,33.59153349386641,7881.5182920123025,1220.0
49.427138,1.069602,-38.0,2023-11-29 07:34:21+00:00,18,138,30.403753717904607,7923.745727731614,1225.0
49.426974,1.069454,-37.6,2023-11-29 07:34:24+00:00,18,141,29.473684351654768,7948.307131357993,1228.0
49.426867,1.069368,-38.0,2023-11-29 07:34:26+00:00,18,138,27.473221665498592,7963.57003228327,1230.0
49.426761,1.069272,-38.2,2023-11-29 07:34:28+00:00,18,135,28.62093503189405,7979.470551745433,1232.0
49.426316,1.068873,-38.2,2023-11-29 07:34:36+00:00,18,132,29.903850253345524,8045.9235523084235,1240.0
49.426066,1.068673,-38.6,2023-11-29 07:34:41+00:00,18,129,25.62909850854546,8081.519522459181,1245.0
49.426026,1.06864,-38.6,2023-11-29 07:34:42+00:00,18,129,20.755725895652184,8087.285001874639,1246.0
49.425988,1.06861,-38.6,2023-11-29 07:34:43+00:00,18,128,19.378481543901884,8092.6679134146125,1247.0
49.425879,1.068545,-39.0,2023-11-29 07:34:45+00:00,18,126,25.39777126838397,8106.777786341492,1249.0
49.425766,1.06847,-38.8,2023-11-29 07:34:47+00:00,18,130,27.142081036373657,8121.856720250588,1251.0
49.425715,1.068428,-38.6,2023-11-29 07:34:48+00:00,18,130,26.44445385649495,8129.202401877393,1252.0
49.425558,1.068304,-38.6,2023-11-29 07:34:51+00:00,18,130,26.692262872493334,8151.445954271137,1255.0
49.425399,1.068169,-38.2,2023-11-29 07:34:54+00:00,18,132,27.82895734236801,8174.6367520564445,1258.0
49.425294,1.068084,-37.4,2023-11-29 07:34:56+00:00,18,132,27.036055082814663,8189.6567826580085,1260.0
49.425047,1.067917,-37.0,2023-11-29 07:35:00+00:00,18,132,29.834701576351492,8222.806451076176,1264.0
49.424708,1.067618,-37.4,2023-11-29 07:35:07+00:00,18,132,25.84666905257316,8273.063863122847,1271.0
49.424462,1.067447,-36.6,2023-11-29 07:35:12+00:00,18,128,23.98285097160058,8306.37337836118,1276.0
49.424278,1.067303,-36.4,2023-11-29 07:35:17+00:00,18,130,18.70403197493804,8332.351200548594,1281.0
49.424244,1.06728,-36.4,2023-11-29 07:35:18+00:00,18,129,16.42993073927785,8336.915070198393,1282.0
49.424091,1.067164,-35.8,2023-11-29 07:35:24+00:00,18,129,12.808418313716276,8358.262434054586,1288.0
49.424043,1.06714,-35.4,2023-11-29 07:35:29+00:00,18,128,4.295892929092801,8364.22895201166,1293.0
49.424041,1.067116,-35.6,2023-11-29 07:35:39+00:00,18,125,0.9640530895833119,8366.906877260502,1303.0
49.424039,1.067114,-35.6,2023-11-29 07:35:41+00:00,18,121,0.5660630547583761,8367.221356735368,1305.0
49.424033,1.067108,-35.6,2023-11-29 07:35:42+00:00,18,123,3.396378328789291,8368.164795160032,1306.0
49.423977,1.06707,-35.6,2023-11-29 07:35:45+00:00,18,123,9.029160744644393,8375.689095780568,1309.0
49.423928,1.067035,-35.4,2023-11-29 07:35:47+00:00,18,124,12.050956174612132,8382.38407143313,1311.0
49.423831,1.067005,-34.6,2023-11-29 07:35:51+00:00,18,127,10.159375521580593,8393.67226645711,1315.0
49.423821,1.067016,-34.2,2023-11-29 07:35:52+00:00,18,131,5.950446230071297,8395.325168187685,1316.0
49.423771,1.066987,-33.4,2023-11-29 07:35:55+00:00,18,132,7.711664100031052,8401.751554937711,1319.0
49.423597,1.06698,-33.0,2023-11-29 07:36:00+00:00,18,134,13.93935524103193,8421.111770550255,1324.0
49.423466,1.066993,-32.0,2023-11-29 07:36:03+00:00,18,126,17.562685515085946,8435.747341812827,1327.0
49.423329,1.067057,-31.4,2023-11-29 07:36:06+00:00,18,124,20.173906330807167,8452.558930421832,1330.0
49.423064,1.067197,-31.6,2023-11-29 07:36:12+00:00,18,124,19.992906991127345,8485.88044207371,1336.0
49.422999,1.067172,-32.2,2023-11-29 07:36:17+00:00,19,122,5.574715525531264,8493.623102525837,1341.0
49.422991,1.067175,-32.8,2023-11-29 07:36:23+00:00,19,119,0.5699432387335978,8494.573007923726,1347.0
49.422994,1.067166,-32.8,2023-11-29 07:36:25+00:00,19,119,1.8987649226924836,8495.627877325222,1349.0
49.422975,1.067148,-31.8,2023-11-29 07:36:30+00:00,19,118,2.0951882826161845,8498.537861051078,1354.0
49.422924,1.067133,-31.6,2023-11-29 07:36:32+00:00,19,115,10.638348754338498,8504.448054803488,1356.0
49.422885,1.067144,-31.4,2023-11-29 07:36:33+00:00,19,118,16.218260453977148,8508.953127151815,1357.0
49.422847,1.067158,-31.6,2023-11-29 07:36:34+00:00,19,115,16.20850909326849,8513.455490788834,1358.0
49.422752,1.067197,-31.0,2023-11-29 07:36:36+00:00,19,115,20.55118607610566,8524.87281638667,1360.0
49.422705,1.067231,-31.0,2023-11-29 07:36:37+00:00,19,112,23.218307112839224,8531.322346140238,1361.0
49.422597,1.067281,-31.0,2023-11-29 07:36:39+00:00,19,115,23.81707311898573,8544.554053428563,1363.0
49.422554,1.067306,-30.8,2023-11-29 07:36:40+00:00,19,116,19.908154690442252,8550.08409639813,1364.0
49.422469,1.06734,-30.4,2023-11-29 07:36:42+00:00,19,120,18.320631371160093,8560.262224937664,1366.0
49.42225,1.067417,-30.0,2023-11-29 07:36:46+00:00,19,124,23.228143569160412,8586.071273347841,1370.0
49.422202,1.067448,-29.8,2023-11-29 07:36:47+00:00,20,125,22.870511667806014,8592.424193255565,1371.0
49.421933,1.067613,-28.8,2023-11-29 07:36:52+00:00,20,127,25.261657271486676,8627.509828354852,1376.0
49.421726,1.067747,-28.6,2023-11-29 07:36:56+00:00,20,128,24.674251761638153,8654.925663645561,1380.0
49.421627,1.067813,-28.6,2023-11-29 07:36:58+00:00,20,130,23.81172626772165,8668.154400460962,1382.0
49.42126,1.067963,-28.0,2023-11-29 07:37:05+00:00,20,130,22.669183158951157,8712.233367714478,1389.0
49.421211,1.06798,-27.8,2023-11-29 07:37:06+00:00,20,131,20.75851448955965,8717.999621739356,1390.0
49.421097,1.068047,-27.6,2023-11-29 07:37:08+00:00,20,131,26.462703788637878,8732.701123844156,1392.0
49.420928,1.068147,-27.2,2023-11-29 07:37:11+00:00,20,130,26.1989851791135,8754.533611493416,1395.0
49.420704,1.068289,-26.6,2023-11-29 07:37:15+00:00,20,128,26.53840524287374,8784.020728429943,1399.0
49.420591,1.068357,-26.4,2023-11-29 07:37:17+00:00,20,131,26.393033060727827,8798.683524574792,1401.0
49.420535,1.068387,-26.4,2023-11-29 07:37:18+00:00,20,131,25.427542338178974,8805.746730779842,1402.0
49.420135,1.068542,-26.4,2023-11-29 07:37:25+00:00,20,129,24.528002886318465,8853.44006972546,1409.0
49.419785,1.068675,-25.8,2023-11-29 07:37:32+00:00,21,127,21.408211971783377,8895.067148559483,1416.0
49.419428,1.068801,-25.4,2023-11-29 07:37:39+00:00,21,125,21.64627751613178,8937.157132618628,1423.0
49.419168,1.068932,-25.4,2023-11-29 07:37:44+00:00,21,122,23.30532871420881,8969.525644721696,1428.0
49.419036,1.069051,-25.4,2023-11-29 07:37:47+00:00,21,122,23.71182391800336,8989.285497986699,1431.0
49.418733,1.069166,-25.8,2023-11-29 07:37:54+00:00,21,122,18.530549491334167,9025.317121997627,1438.0
49.418568,1.069231,-24.6,2023-11-29 07:37:58+00:00,21,121,17.744850516674248,9045.03362257171,1442.0
49.418465,1.069282,-24.2,2023-11-29 07:38:00+00:00,21,122,23.001075810930043,9057.811998022225,1444.0
49.4183,1.069389,-24.6,2023-11-29 07:38:03+00:00,21,125,26.237504070030198,9079.67658474725,1447.0
49.41814,1.069492,-23.8,2023-11-29 07:38:06+00:00,21,126,25.387562003716017,9100.832886417014,1450.0
49.417967,1.069564,-23.6,2023-11-29 07:38:09+00:00,21,129,24.99975146393629,9121.66601263696,1453.0
49.417909,1.069582,-23.8,2023-11-29 07:38:10+00:00,21,130,24.3060229423998,9128.417685676517,1454.0
49.417862,1.06961,-24.4,2023-11-29 07:38:11+00:00,21,131,21.897018199064455,9134.500190731813,1455.0
49.417787,1.06963,-25.4,2023-11-29 07:38:14+00:00,21,130,10.35557188073717,9143.12983396576,1458.0
49.41777,1.069643,-25.4,2023-11-29 07:38:15+00:00,21,131,8.5658893155345,9145.50924766452,1459.0
49.41763,1.069749,-25.0,2023-11-29 07:38:20+00:00,21,131,14.057185591372578,9165.033116541426,1464.0
49.41749,1.069812,-24.6,2023-11-29 07:38:23+00:00,21,134,20.482069835022727,9182.101508070611,1467.0
49.417434,1.069827,-24.2,2023-11-29 07:38:24+00:00,21,132,23.20337124124612,9188.546888970957,1468.0
49.417376,1.069848,-23.8,2023-11-29 07:38:25+00:00,21,133,24.688679825231375,9195.404855589077,1469.0
49.417028,1.070025,-23.4,2023-11-29 07:38:31+00:00,21,133,26.04447219493154,9238.812309247296,1475.0
49.416556,1.070149,-23.4,2023-11-29 07:38:38+00:00,22,130,27.903134162113453,9293.068403451405,1482.0
49.416429,1.070173,-23.4,2023-11-29 07:38:40+00:00,22,126,25.864707518240085,9307.437685405983,1484.0
49.416366,1.070189,-23.4,2023-11-29 07:38:41+00:00,22,123,26.01534920525952,9314.664171296332,1485.0
49.41619,1.07025,-23.4,2023-11-29 07:38:44+00:00,22,120,24.85103846068224,9335.373370013567,1488.0
49.416135,1.070278,-23.4,2023-11-29 07:38:45+00:00,22,121,24.702037971877836,9342.235047227978,1489.0
49.415899,1.070397,-23.4,2023-11-29 07:38:50+00:00,22,121,21.157386290067045,9371.620305964181,1494.0
49.41585,1.070423,-23.4,2023-11-29 07:38:51+00:00,22,118,22.201999135364915,9377.787527946228,1495.0
49.415589,1.070574,-23.4,2023-11-29 07:38:56+00:00,22,121,24.137660003078704,9411.312055728282,1500.0
49.415533,1.070598,-23.4,2023-11-29 07:38:57+00:00,22,122,24.38526081578163,9418.08573928822,1501.0
49.41537,1.07068,-23.2,2023-11-29 07:39:00+00:00,22,126,24.343452622248304,9438.37194980676,1504.0
49.415078,1.070825,-23.2,2023-11-29 07:39:05+00:00,22,128,26.097613297222086,9474.618634941791,1509.0
49.414678,1.070998,-23.2,2023-11-29 07:39:12+00:00,22,129,24.91845811001475,9523.07119237793,1516.0
49.4145,1.071069,-22.8,2023-11-29 07:39:15+00:00,22,127,25.56711095053965,9544.377118170047,1519.0
49.414282,1.071208,-22.8,2023-11-29 07:39:19+00:00,22,125,25.870688626406725,9573.122327754943,1523.0
49.414229,1.071251,-22.8,2023-11-29 07:39:20+00:00,22,126,27.31753079254525,9580.710530752873,1524.0
49.414018,1.071339,-22.8,2023-11-29 07:39:24+00:00,22,123,22.875378599892922,9606.127618086088,1528.0
49.413811,1.071449,-22.0,2023-11-29 07:39:28+00:00,22,122,23.45568758497381,9632.189493180504,1532.0
49.413578,1.07162,-21.8,2023-11-29 07:39:33+00:00,22,126,23.136057138838645,9664.322905873336,1537.0
49.413542,1.071666,-22.0,2023-11-29 07:39:34+00:00,22,122,23.381002706264578,9670.817628847299,1538.0
49.413449,1.071744,-22.0,2023-11-29 07:39:36+00:00,22,122,24.291731541360818,9684.313035259165,1540.0
49.413049,1.071966,-22.4,2023-11-29 07:39:44+00:00,22,122,22.887976589061786,9735.17520545708,1548.0
49.412848,1.072105,-21.6,2023-11-29 07:39:49+00:00,22,120,19.562899071152856,9762.34589861146,1553.0
49.412621,1.07219,-21.2,2023-11-29 07:39:55+00:00,22,123,16.169189629557607,9789.294547994055,1559.0
49.412588,1.072197,-21.4,2023-11-29 07:39:56+00:00,22,122,13.501618505580394,9793.04499757894,1560.0
49.412504,1.072264,-21.6,2023-11-29 07:40:00+00:00,22,125,10.751720671146046,9804.991353880214,1564.0
49.41249,1.07227,-21.6,2023-11-29 07:40:01+00:00,22,124,6.096312380455111,9806.684773985895,1565.0
49.412472,1.072272,-21.8,2023-11-29 07:40:02+00:00,22,123,7.248518724254611,9808.6982514093,1566.0
49.41244,1.072228,-21.6,2023-11-29 07:40:04+00:00,22,121,10.88872489653158,9814.747543018484,1568.0
49.412431,1.072187,-21.2,2023-11-29 07:40:05+00:00,22,121,16.80300397229473,9819.415044121899,1569.0
49.412391,1.071897,-21.0,2023-11-29 07:40:10+00:00,22,122,23.437239658006867,9851.96676586913,1574.0
49.412336,1.071781,-21.6,2023-11-29 07:40:14+00:00,23,121,12.847106224420273,9866.24132834071,1578.0
49.412228,1.071755,-22.2,2023-11-29 07:40:19+00:00,23,118,8.892077227493964,9878.591435601118,1583.0
49.412028,1.071787,-21.8,2023-11-29 07:40:23+00:00,23,117,20.266203257636153,9901.109439220714,1587.0
49.411879,1.071832,-21.0,2023-11-29 07:40:26+00:00,23,123,20.765262997208524,9918.41382505172,1590.0
49.411837,1.071849,-20.8,2023-11-29 07:40:27+00:00,23,128,18.134962049000492,9923.451314509777,1591.0
49.411739,1.071896,-20.8,2023-11-29 07:40:29+00:00,23,133,21.750827922772164,9935.535107800206,1593.0
49.411695,1.071912,-21.0,2023-11-29 07:40:30+00:00,23,135,18.738750146219527,9940.740316174155,1594.0
49.411607,1.071976,-21.4,2023-11-29 07:40:33+00:00,23,138,14.517517472253827,9952.838247401032,1597.0
49.411591,1.071993,-21.6,2023-11-29 07:40:34+00:00,23,136,9.344369875920878,9955.4339056999,1598.0
49.411481,1.071967,-21.2,2023-11-29 07:40:38+00:00,23,136,11.309748307431528,9968.000292708157,1602.0
49.411446,1.071926,-21.2,2023-11-29 07:40:39+00:00,23,133,21.57760504715454,9973.994071887922,1603.0
49.411289,1.071766,-21.4,2023-11-29 07:40:43+00:00,23,133,22.431272820810893,9998.91770835549,1607.0
49.411143,1.071689,-21.4,2023-11-29 07:40:46+00:00,23,136,22.021666493149038,10017.269097099781,1610.0
49.411046,1.071625,-21.6,2023-11-29 07:40:48+00:00,23,138,23.25690108224206,10030.189597701026,1612.0
49.410776,1.071459,-21.4,2023-11-29 07:40:54+00:00,23,137,21.14311864885297,10065.428128782449,1618.0
49.4106,1.071366,-21.4,2023-11-29 07:40:58+00:00,23,136,19.918322537444656,10087.559598268499,1622.0
49.410505,1.071359,-21.8,2023-11-29 07:41:00+00:00,23,135,19.06256538966547,10098.149912373869,1624.0
49.410273,1.071268,-21.4,2023-11-29 07:41:05+00:00,23,137,19.948716345455587,10125.856462853668,1629.0
49.410189,1.071163,-21.4,2023-11-29 07:41:07+00:00,23,140,26.91157287799945,10140.80733667478,1631.0
49.410044,1.071027,-21.0,2023-11-29 07:41:10+00:00,23,143,26.524048346125376,10162.91071029655,1634.0
49.409999,1.070977,-21.0,2023-11-29 07:41:11+00:00,23,144,26.92544019170492,10170.38999923869,1635.0
49.409952,1.070938,-21.0,2023-11-29 07:41:12+00:00,23,144,24.44538939019323,10177.18038518041,1636.0
49.409864,1.070874,-21.0,2023-11-29 07:41:14+00:00,23,146,21.776281032437083,10189.27831908732,1638.0
49.409714,1.070819,-21.0,2023-11-29 07:41:17+00:00,23,145,21.3148474844029,10207.04069199099,1641.0
49.409492,1.070658,-20.6,2023-11-29 07:41:22+00:00,23,149,21.952861094490213,10237.530776844447,1646.0
49.409445,1.070622,-20.6,2023-11-29 07:41:23+00:00,23,150,23.696472370082923,10244.11313028058,1647.0
49.409399,1.070567,-20.6,2023-11-29 07:41:24+00:00,23,149,28.69987938392058,10252.085318998337,1648.0
49.409177,1.070337,-21.2,2023-11-29 07:41:29+00:00,23,145,25.590122402421805,10287.627155668368,1653.0
49.409031,1.070216,-21.2,2023-11-29 07:41:32+00:00,23,145,25.299563372348846,10308.710125145326,1656.0
49.408778,1.070033,-20.8,2023-11-29 07:41:37+00:00,23,142,24.99571660867842,10343.426398212934,1661.0
49.40859,1.069882,-20.8,2023-11-29 07:41:41+00:00,23,145,24.128906445663112,10370.23629426367,1665.0
49.408542,1.069851,-20.8,2023-11-29 07:41:42+00:00,23,145,22.870498877994137,10376.58921061867,1666.0
49.408348,1.069718,-20.8,2023-11-29 07:41:46+00:00,23,142,23.536218980929764,10402.740565041924,1670.0
49.4081,1.069544,-20.8,2023-11-29 07:41:51+00:00,23,139,24.251621485512892,10436.423372660693,1675.0
49.408052,1.069508,-20.6,2023-11-29 07:41:52+00:00,23,139,24.015426220711415,10443.094324388669,1676.0
49.407948,1.069453,-20.6,2023-11-29 07:41:54+00:00,23,136,23.54409970563208,10456.174379780687,1678.0
49.407845,1.069418,-20.4,2023-11-29 07:41:56+00:00,23,137,21.769850016943852,10468.26874090121,1680.0
49.407695,1.069336,-20.4,2023-11-29 07:41:59+00:00,23,142,22.807506553266272,10487.274996362266,1683.0
49.407643,1.069312,-20.4,2023-11-29 07:42:00+00:00,23,142,22.922503100407507,10493.642358334602,1684.0
49.407275,1.069022,-20.2,2023-11-29 07:42:08+00:00,23,143,23.441847949577095,10545.735353778107,1692.0
49.40702,1.068804,-19.6,2023-11-29 07:42:15+00:00,23,140,19.18300277040904,10583.035636942792,1699.0
49.406975,1.068778,-19.8,2023-11-29 07:42:16+00:00,23,139,20.80142634372938,10588.81381092716,1700.0
49.406856,1.068683,-19.6,2023-11-29 07:42:19+00:00,23,136,20.315756139502927,10605.74360771008,1703.0
49.406697,1.068574,-19.0,2023-11-29 07:42:23+00:00,23,137,19.289707130774712,10627.176615633161,1707.0
49.406622,1.068521,-18.8,2023-11-29 07:42:25+00:00,23,142,18.379085771792447,10637.387218839713,1709.0
49.406587,1.068489,-18.6,2023-11-29 07:42:26+00:00,23,142,18.981960585147203,10642.65998566892,1710.0
49.406483,1.068414,-18.6,2023-11-29 07:42:29+00:00,23,138,17.10726789085895,10656.916042244637,1713.0
49.406419,1.068347,-18.4,2023-11-29 07:42:31+00:00,23,138,18.543495604022027,10667.21798424687,1715.0
49.406314,1.068252,-18.0,2023-11-29 07:42:34+00:00,23,141,18.892172284107012,10682.961461150293,1718.0
49.406213,1.06815,-17.6,2023-11-29 07:42:37+00:00,23,137,19.152045399183237,10698.921498982945,1721.0
49.406176,1.068082,-17.6,2023-11-29 07:42:39+00:00,23,134,15.493958172043582,10707.52925352297,1723.0
49.406038,1.067887,-16.8,2023-11-29 07:42:45+00:00,23,133,15.937169046229165,10734.091201933352,1729.0
49.405977,1.067817,-16.4,2023-11-29 07:42:47+00:00,23,134,18.582483056602833,10744.414803631464,1731.0
49.405814,1.067697,-15.8,2023-11-29 07:42:51+00:00,23,135,20.25378785510497,10766.919012359358,1735.0
49.405735,1.067636,-15.2,2023-11-29 07:42:53+00:00,23,136,19.974849195394164,10778.016150801244,1737.0
49.405642,1.067591,-14.6,2023-11-29 07:42:55+00:00,23,135,20.675688700544953,10789.502644523769,1739.0
49.405444,1.067499,-14.8,2023-11-29 07:42:59+00:00,23,138,21.846352994826,10813.776370073576,1743.0
49.405348,1.067428,-14.0,2023-11-29 07:43:01+00:00,24,139,23.89586908508174,10827.051852898621,1745.0
49.405234,1.06737,-13.4,2023-11-29 07:43:03+00:00,24,138,25.59701122425809,10841.272414689876,1747.0
49.405084,1.067284,-12.8,2023-11-29 07:43:06+00:00,24,138,23.068324315739865,10860.496018286327,1750.0
49.404955,1.067116,-12.8,2023-11-29 07:43:11+00:00,24,135,16.956779141942253,10884.047100427913,1755.0
49.404888,1.067065,-11.8,2023-11-29 07:43:13+00:00,24,136,16.851280470534213,10893.408922911543,1757.0
49.404737,1.066953,-10.6,2023-11-29 07:43:17+00:00,24,135,18.812343228189906,10914.31152649842,1761.0
49.404623,1.066866,-10.8,2023-11-29 07:43:20+00:00,24,139,19.132996569445382,10930.255690306292,1764.0
49.404584,1.066842,-10.8,2023-11-29 07:43:21+00:00,24,139,18.32871764518573,10935.347000763288,1765.0
49.404544,1.066818,-10.8,2023-11-29 07:43:22+00:00,24,138,18.670741358730634,10940.53331780738,1766.0
49.404155,1.066582,-9.8,2023-11-29 07:43:31+00:00,24,136,20.234522162816592,10991.119623214421,1775.0
49.40407,1.066528,-9.4,2023-11-29 07:43:33+00:00,24,136,20.153211392780154,11002.315851765965,1777.0
49.403916,1.066419,-8.6,2023-11-29 07:43:37+00:00,24,133,18.87922048003865,11023.292763410453,1781.0
49.403855,1.066337,-9.0,2023-11-29 07:43:39+00:00,24,133,20.45431333827499,11034.656270820606,1783.0
49.403802,1.06625,-9.0,2023-11-29 07:43:41+00:00,24,136,20.388907518398565,11045.98344166416,1785.0
49.403707,1.066131,-8.0,2023-11-29 07:43:44+00:00,24,137,20.316545606822796,11062.913896336513,1788.0
49.403626,1.066072,-7.6,2023-11-29 07:43:46+00:00,24,139,20.054806067834882,11074.055455263087,1790.0
49.403438,1.065917,-7.0,2023-11-29 07:43:51+00:00,24,139,19.50529793847423,11101.146146844301,1795.0
49.403406,1.065882,-6.8,2023-11-29 07:43:52+00:00,24,138,18.982262927253668,11106.418997657427,1796.0
49.40329,1.06579,-6.4,2023-11-29 07:43:56+00:00,24,135,14.814999098024726,11122.880107766343,1800.0
49.40319,1.065687,-6.2,2023-11-29 07:43:59+00:00,24,136,19.153944504251612,11138.841728186553,1803.0
49.403105,1.065592,-6.2,2023-11-29 07:44:02+00:00,23,131,17.00824507902301,11153.015265752405,1806.0
49.403018,1.065515,-6.2,2023-11-29 07:44:05+00:00,23,130,15.500967909161233,11165.932739010039,1809.0
49.402933,1.065441,-5.8,2023-11-29 07:44:08+00:00,23,130,15.036351196032685,11178.4630316734,1812.0
49.402839,1.065392,-5.4,2023-11-29 07:44:10+00:00,23,136,21.214051852411156,11190.248616035851,1814.0
49.402809,1.065371,-5.0,2023-11-29 07:44:11+00:00,23,135,14.657215516679365,11194.320064790485,1815.0
49.402786,1.065347,-4.8,2023-11-29 07:44:12+00:00,23,135,13.305545127817656,11198.016049548212,1816.0
49.402532,1.065191,-4.2,2023-11-29 07:44:17+00:00,23,136,23.86143557536206,11231.156932291771,1821.0
49.402305,1.065067,-3.8,2023-11-29 07:44:23+00:00,23,133,17.254711901814154,11259.914785461462,1827.0
49.402202,1.06502,-3.8,2023-11-29 07:44:25+00:00,23,132,22.657161939861307,11272.502097650275,1829.0
49.402144,1.064997,-3.4,2023-11-29 07:44:26+00:00,23,131,24.972662138343676,11279.438948244258,1830.0
49.402052,1.06494,-2.6,2023-11-29 07:44:28+00:00,23,135,21.658946950044783,11291.47169654984,1832.0
49.401917,1.064868,-2.6,2023-11-29 07:44:31+00:00,23,135,20.41264337497393,11308.482232695651,1835.0
49.401711,1.064761,-2.2,2023-11-29 07:44:36+00:00,22,135,18.581995363550327,11334.290559589472,1840.0
49.401664,1.064743,-2.2,2023-11-29 07:44:37+00:00,22,138,20.14371961304046,11339.886037259761,1841.0
49.401616,1.064715,-2.0,2023-11-29 07:44:38+00:00,22,139,22.24181220250519,11346.064318427123,1842.0
49.401454,1.064614,-1.6,2023-11-29 07:44:42+00:00,22,143,19.102599356799793,11367.289428823568,1846.0
49.401389,1.064562,-1.0,2023-11-29 07:44:44+00:00,22,142,16.658927843811465,11376.544388736796,1848.0
49.401267,1.064449,-0.4,2023-11-29 07:44:48+00:00,22,139,16.640189414241874,11395.033488085954,1852.0
49.401185,1.064391,0.0,2023-11-29 07:44:50+00:00,22,139,20.100648169889816,11406.200514847003,1854.0
49.401142,1.064358,0.0,2023-11-29 07:44:51+00:00,22,139,21.69532740410442,11412.226994681478,1855.0
49.401051,1.064303,0.4,2023-11-29 07:44:53+00:00,22,139,21.279287631580342,11424.048821143468,1857.0
49.401004,1.064274,0.4,2023-11-29 07:44:54+00:00,22,134,22.104623753273952,11430.188994408267,1858.0
49.400893,1.064169,0.6,2023-11-29 07:44:57+00:00,22,132,20.38604239254249,11447.177363068718,1861.0
49.400877,1.064075,1.0,2023-11-29 07:44:59+00:00,22,132,19.084688797218373,11457.779967956061,1863.0
49.400861,1.063916,1.6,2023-11-29 07:45:03+00:00,22,132,15.99232730930724,11475.549220521958,1867.0
49.400765,1.063822,2.2,2023-11-29 07:45:06+00:00,22,132,17.92630004048871,11490.487803889031,1870.0
49.400673,1.063698,2.6,2023-11-29 07:45:10+00:00,21,130,15.450908994376581,11507.655480549449,1874.0
49.4005,1.063569,3.2,2023-11-29 07:45:14+00:00,21,130,21.593970740593775,11531.64878137233,1878.0
49.400486,1.063538,3.0,2023-11-29 07:45:15+00:00,21,129,13.615747186466573,11535.43093336857,1879.0
49.400258,1.06337,4.0,2023-11-29 07:45:21+00:00,21,127,18.892811123769306,11566.918951908187,1885.0
49.400178,1.063308,4.2,2023-11-29 07:45:23+00:00,21,126,20.255619795242684,11578.172074016655,1887.0
49.400011,1.063195,4.6,2023-11-29 07:45:27+00:00,21,128,20.176656183018807,11600.590580886676,1891.0
49.399596,1.062964,4.8,2023-11-29 07:45:34+00:00,21,133,27.157415196903106,11653.396665991764,1898.0
49.399523,1.062901,4.6,2023-11-29 07:45:36+00:00,21,132,19.297871783172084,11664.117705871304,1900.0
49.399395,1.062834,4.8,2023-11-29 07:45:38+00:00,21,132,28.91287366137721,11680.180413460957,1902.0
49.399276,1.062779,5.4,2023-11-29 07:45:40+00:00,21,133,26.23513567275113,11694.755488834708,1904.0
49.399223,1.062751,5.6,2023-11-29 07:45:41+00:00,21,133,23.991514930667268,11701.41979853767,1905.0
49.398841,1.06251,6.4,2023-11-29 07:45:48+00:00,21,132,25.825956311816693,11751.636935810648,1912.0
49.398788,1.062471,6.2,2023-11-29 07:45:49+00:00,21,133,26.33801129797759,11758.953050060087,1913.0
49.398659,1.062412,6.4,2023-11-29 07:45:51+00:00,20,135,28.38777143081022,11774.724034188315,1915.0
49.39856,1.062338,6.4,2023-11-29 07:45:53+00:00,20,135,24.735951546520656,11788.466229491938,1917.0
49.39842,1.062302,7.0,2023-11-29 07:45:55+00:00,20,137,28.928041766211667,11804.5373638065,1919.0
49.398321,1.062239,7.2,2023-11-29 07:45:57+00:00,20,138,23.483959376641252,11817.584007904634,1921.0
49.39815,1.062143,7.6,2023-11-29 07:46:00+00:00,20,137,26.163580278857435,11839.386991470348,1924.0
49.397997,1.062038,7.6,2023-11-29 07:46:03+00:00,20,139,24.75763925619698,11860.01835751718,1927.0
49.397899,1.061974,8.2,2023-11-29 07:46:05+00:00,20,139,23.42423745350493,11873.031822769126,1929.0
49.397801,1.061921,8.6,2023-11-29 07:46:07+00:00,20,139,22.29657414979797,11885.418808407903,1931.0
49.397756,1.061895,9.0,2023-11-29 07:46:08+00:00,20,140,20.8014611799077,11891.196992068988,1932.0
49.397545,1.061746,9.4,2023-11-29 07:46:13+00:00,20,137,20.677700182739045,11919.91602010057,1937.0
49.397497,1.061717,9.4,2023-11-29 07:46:14+00:00,20,137,22.446217745725303,11926.151080585494,1938.0
49.397375,1.061611,9.8,2023-11-29 07:46:17+00:00,20,134,21.563056523306408,11944.120294354916,1941.0
49.397296,1.061549,10.0,2023-11-29 07:46:19+00:00,20,132,20.09783601824112,11955.285758809494,1943.0
49.39721,1.061501,10.2,2023-11-29 07:46:21+00:00,20,130,19.709994892277596,11966.235755971871,1945.0
49.397077,1.061423,11.0,2023-11-29 07:46:24+00:00,20,129,20.57087468845843,11983.378151545587,1948.0
49.397031,1.061392,11.2,2023-11-29 07:46:25+00:00,20,130,22.202402688807467,11989.545485625811,1949.0
49.396824,1.061246,11.4,2023-11-29 07:46:30+00:00,20,132,20.27761217671517,12017.708835871248,1954.0
49.396561,1.061068,11.6,2023-11-29 07:46:36+00:00,20,129,21.18505270836933,12053.017257051864,1960.0
49.396532,1.061032,12.0,2023-11-29 07:46:37+00:00,20,130,18.503778831417076,12058.157195616146,1961.0
49.396419,1.060947,12.0,2023-11-29 07:46:41+00:00,20,131,14.149131148296535,12073.878452447587,1965.0
49.396282,1.060875,12.4,2023-11-29 07:46:45+00:00,20,132,15.486351080788662,12091.085509204018,1969.0
49.396245,1.060852,12.6,2023-11-29 07:46:46+00:00,20,132,17.43740609375082,12095.92923311895,1970.0
49.396102,1.06075,13.4,2023-11-29 07:46:50+00:00,20,133,17.576275330041533,12115.458427930107,1974.0
49.395996,1.060668,14.0,2023-11-29 07:46:53+00:00,20,134,17.880218672744608,12130.358610157395,1977.0
49.395941,1.060613,13.8,2023-11-29 07:46:56+00:00,20,137,10.377833553147244,12139.006804785018,1980.0
49.395931,1.06059,14.0,2023-11-29 07:46:57+00:00,20,137,10.03924303087615,12141.795483404707,1981.0
49.395885,1.060491,13.4,2023-11-29 07:47:00+00:00,20,137,14.565871664811157,12153.933709792049,1984.0
49.395858,1.060468,13.2,2023-11-29 07:47:01+00:00,19,137,14.196611130455086,12157.877212883843,1985.0
49.395631,1.06036,14.4,2023-11-29 07:47:07+00:00,19,137,16.769111658896918,12185.825732315338,1991.0
49.395544,1.060307,14.8,2023-11-29 07:47:09+00:00,19,137,20.387316751814513,12197.152019399678,1993.0
49.395317,1.060154,15.0,2023-11-29 07:47:14+00:00,19,142,21.913784674376313,12227.587831447423,1998.0
49.395129,1.060032,15.2,2023-11-29 07:47:18+00:00,19,141,22.42580888486572,12252.50539687505,2002.0
49.394964,1.059921,15.0,2023-11-29 07:47:22+00:00,19,139,19.8988326065487,12274.615210882328,2006.0
49.394656,1.059731,15.8,2023-11-29 07:47:29+00:00,19,136,20.692434085615513,12314.850499382135,2013.0
49.394563,1.059679,16.4,2023-11-29 07:47:31+00:00,19,137,21.32338785801438,12326.69682596992,2015.0
49.39435,1.05954,16.8,2023-11-29 07:47:36+00:00,19,136,20.360289934037862,12354.975006433862,2020.0
49.394311,1.059512,17.0,2023-11-29 07:47:37+00:00,19,138,19.216484457795183,12360.31291878325,2021.0
49.394089,1.059376,17.2,2023-11-29 07:47:42+00:00,19,141,20.840794259282063,12389.258466365585,2026.0
49.393947,1.059288,17.2,2023-11-29 07:47:45+00:00,19,141,22.288299949247513,12407.832049656625,2029.0
49.39362,1.059071,17.8,2023-11-29 07:47:52+00:00,19,141,22.44004137780285,12451.465463446797,2036.0
49.393575,1.059044,18.0,2023-11-29 07:47:53+00:00,19,142,21.004622898564662,12457.30008091862,2037.0
49.393438,1.058952,18.2,2023-11-29 07:47:56+00:00,19,143,22.01723790500863,12475.647779172794,2040.0
49.393345,1.058886,18.2,2023-11-29 07:47:58+00:00,19,138,22.822505924136436,12488.326949130647,2042.0
49.3933,1.058853,18.4,2023-11-29 07:47:59+00:00,19,138,22.33564763079733,12494.531295694758,2043.0
49.393021,1.058667,19.0,2023-11-29 07:48:05+00:00,19,138,22.368636585549716,12531.812356670674,2049.0
49.392977,1.058636,19.2,2023-11-29 07:48:06+00:00,19,141,21.543297517325968,12537.796605981042,2050.0
49.392933,1.058603,19.2,2023-11-29 07:48:07+00:00,19,138,22.014190510222747,12543.911658900548,2051.0
49.392718,1.058443,19.2,2023-11-29 07:48:12+00:00,19,141,21.453965971191195,12573.708833860535,2056.0
49.392626,1.058392,19.2,2023-11-29 07:48:14+00:00,19,140,21.051182857129927,12585.40393544783,2058.0
49.39242,1.058258,19.6,2023-11-29 07:48:19+00:00,19,137,19.67229893497943,12612.726572857524,2063.0
49.392379,1.058229,19.6,2023-11-29 07:48:20+00:00,19,140,20.100674924425945,12618.310093669865,2064.0
49.39234,1.058199,20.0,2023-11-29 07:48:21+00:00,19,139,19.694199471201905,12623.780704634088,2065.0
49.392301,1.05816,19.8,2023-11-29 07:48:22+00:00,19,142,22.076491050292017,12629.91306325917,2066.0
49.392262,1.058123,19.8,2023-11-29 07:48:23+00:00,19,139,21.517777724855335,12635.890223738295,2067.0
49.39218,1.058056,19.8,2023-11-29 07:48:25+00:00,19,138,21.192099359442633,12647.663612271319,2069.0
49.392106,1.058002,20.0,2023-11-29 07:48:27+00:00,19,138,18.33335289917672,12657.848808326416,2071.0
49.391879,1.057843,20.0,2023-11-29 07:48:33+00:00,19,137,18.488234480981475,12688.662532461385,2077.0
49.391792,1.057778,20.2,2023-11-29 07:48:35+00:00,19,136,21.734043840849036,12700.737001261858,2079.0
49.391748,1.057739,20.6,2023-11-29 07:48:36+00:00,19,135,23.53399828437572,12707.274223007518,2080.0
49.391658,1.057647,21.0,2023-11-29 07:48:38+00:00,19,138,25.757511546000007,12721.583951644185,2082.0
49.391609,1.057609,21.4,2023-11-29 07:48:39+00:00,19,140,24.819295096978532,12728.478200282234,2083.0
49.391325,1.057397,22.0,2023-11-29 07:48:45+00:00,19,140,23.64196337132724,12767.881472567778,2089.0
49.391001,1.057152,21.2,2023-11-29 07:48:52+00:00,19,137,23.226602077130266,12813.044309939976,2096.0
49.390956,1.057121,21.4,2023-11-29 07:48:53+00:00,19,136,21.871685078050714,12819.119778017213,2097.0
49.390674,1.056931,21.6,2023-11-29 07:48:59+00:00,19,133,22.683464518561834,12856.925552214816,2103.0
49.390582,1.056863,21.6,2023-11-29 07:49:01+00:00,19,134,22.89529995797762,12869.64516330258,2105.0
49.390396,1.056747,21.8,2023-11-29 07:49:05+00:00,19,131,21.93461560082859,12894.016958414613,2109.0
49.390264,1.056654,21.8,2023-11-29 07:49:08+00:00,18,133,21.543306568377965,12911.969713888262,2112.0
49.390134,1.056584,21.8,2023-11-29 07:49:11+00:00,18,136,19.69868404282573,12928.38528392395,2115.0
49.389962,1.056452,22.0,2023-11-29 07:49:15+00:00,18,135,21.69536205632704,12952.491241764314,2119.0
49.389661,1.056221,21.2,2023-11-29 07:49:22+00:00,18,139,21.695362853348186,12994.676669534712,2126.0
49.389352,1.055995,21.0,2023-11-29 07:49:30+00:00,18,137,19.153701019978346,13037.240449579109,2134.0
49.389279,1.055954,20.8,2023-11-29 07:49:33+00:00,18,135,11.170411062444517,13046.549125464478,2137.0
49.389255,1.055974,20.8,2023-11-29 07:49:34+00:00,18,135,12.50457264090843,13050.022617864732,2138.0
49.389171,1.056142,20.6,2023-11-29 07:49:39+00:00,18,134,15.03720098018501,13070.9076192261,2143.0
49.389151,1.056196,20.4,2023-11-29 07:49:40+00:00,18,133,23.050791081135586,13077.310616748638,2144.0
49.389086,1.056455,21.2,2023-11-29 07:49:44+00:00,18,132,26.72305753544846,13107.002902899138,2148.0
49.389074,1.056526,21.4,2023-11-29 07:49:45+00:00,18,135,28.82436864861907,13115.009671968199,2149.0
49.389006,1.05661,21.4,2023-11-29 07:49:47+00:00,18,138,21.62965872455288,13127.026149037394,2151.0
49.388965,1.056641,21.4,2023-11-29 07:49:48+00:00,18,137,20.57343896154477,13132.740993193378,2152.0
49.388791,1.056742,20.8,2023-11-29 07:49:52+00:00,18,137,20.13151200503314,13155.109339865638,2156.0
49.388736,1.056847,20.8,2023-11-29 07:49:54+00:00,18,138,23.723553188991744,13168.2890916373,2158.0
49.388712,1.056909,20.8,2023-11-29 07:49:55+00:00,18,140,26.612702587602698,13175.681509022745,2159.0
49.388643,1.057105,20.4,2023-11-29 07:49:58+00:00,18,135,27.72581379353587,13198.786353850692,2162.0
49.388585,1.0573,20.2,2023-11-29 07:50:01+00:00,18,136,27.145802007607053,13221.407855523697,2165.0
49.388562,1.057359,20.4,2023-11-29 07:50:02+00:00,18,135,25.348362271969055,13228.44906726591,2166.0
49.388439,1.057605,20.6,2023-11-29 07:50:07+00:00,18,133,22.018756559805958,13259.030673598974,2171.0
49.388375,1.057789,20.4,2023-11-29 07:50:11+00:00,18,131,19.495610072554246,13280.692462568479,2175.0
49.388274,1.057999,20.8,2023-11-29 07:50:16+00:00,18,131,18.655525078115442,13306.602914065861,2180.0
49.388237,1.058251,21.2,2023-11-29 07:50:21+00:00,18,130,20.391440074937815,13334.924358614386,2185.0
49.388246,1.058548,21.4,2023-11-29 07:50:26+00:00,18,130,23.78883420541245,13367.964406121902,2190.0
49.388265,1.05869,21.4,2023-11-29 07:50:29+00:00,18,134,19.116417106776975,13383.894753710883,2193.0
49.388268,1.058754,21.2,2023-11-29 07:50:30+00:00,18,134,25.647432271857152,13391.019040453066,2194.0
49.388343,1.05903,21.4,2023-11-29 07:50:33+00:00,18,137,38.162817070898356,13422.821388012148,2197.0
49.388364,1.059095,21.4,2023-11-29 07:50:34+00:00,18,136,27.3434197437914,13430.416782385422,2198.0
49.388341,1.059098,21.4,2023-11-29 07:50:36+00:00,18,137,4.641684919729119,13432.995496229716,2200.0
49.388325,1.059101,21.4,2023-11-29 07:50:37+00:00,18,137,6.515364693393364,13434.805319755658,2201.0
49.388281,1.059124,21.2,2023-11-29 07:50:40+00:00,18,140,6.623940222095427,13440.325269940739,2204.0
49.388267,1.059148,21.2,2023-11-29 07:50:41+00:00,18,140,11.121856472462321,13443.414674516422,2205.0
49.388281,1.059218,21.2,2023-11-29 07:50:42+00:00,18,140,28.575861299546254,13451.352413766295,2206.0
49.388305,1.059323,21.2,2023-11-29 07:50:44+00:00,18,138,21.55765445851088,13463.328888465468,2208.0
49.388324,1.05948,21.6,2023-11-29 07:50:47+00:00,18,140,21.101921014800826,13480.913822644468,2211.0
49.388317,1.05958,22.0,2023-11-29 07:50:49+00:00,18,141,20.064047108984408,13492.060515482794,2213.0
49.388257,1.059788,22.4,2023-11-29 07:50:53+00:00,18,141,21.664140019526616,13516.131782171156,2217.0
49.388216,1.059893,22.2,2023-11-29 07:50:55+00:00,18,141,22.56067421988029,13528.66549007109,2219.0
49.388089,1.060413,22.0,2023-11-29 07:51:02+00:00,18,143,30.610437796240703,13588.185785786001,2226.0
49.388037,1.060649,22.2,2023-11-29 07:51:06+00:00,18,140,24.18412959099827,13615.05704088711,2230.0
49.388027,1.0607,22.2,2023-11-29 07:51:07+00:00,18,141,20.80400793029129,13620.835931978858,2231.0
49.387979,1.060808,22.0,2023-11-29 07:51:09+00:00,18,140,23.65442062297905,13633.977276769401,2233.0
49.387905,1.060954,21.8,2023-11-29 07:51:11+00:00,18,141,32.76007069200787,13652.177316042738,2235.0
49.387846,1.061077,21.8,2023-11-29 07:51:13+00:00,18,142,27.30340032489017,13667.345871778789,2237.0
49.387808,1.061204,21.8,2023-11-29 07:51:15+00:00,18,140,26.53226415994739,13682.086018534315,2239.0
49.387798,1.061272,22.0,2023-11-29 07:51:16+00:00,18,140,27.51318327215308,13689.728569443247,2240.0
49.387783,1.061335,22.2,2023-11-29 07:51:17+00:00,18,140,25.92374195546905,13696.929608875322,2241.0
49.387724,1.061671,22.2,2023-11-29 07:51:21+00:00,18,139,34.13963171224954,13734.862533000043,2245.0
49.387691,1.061807,22.4,2023-11-29 07:51:23+00:00,18,136,28.01012970991381,13750.423716172218,2247.0
49.387594,1.062018,22.6,2023-11-29 07:51:27+00:00,18,135,23.23965516917612,13776.24555524908,2251.0
49.387567,1.062063,22.8,2023-11-29 07:51:28+00:00,18,135,21.006306278626468,13782.080640326476,2252.0
49.387466,1.062298,23.0,2023-11-29 07:51:33+00:00,18,136,20.477692581547466,13810.52188002307,2257.0
49.387347,1.062558,23.0,2023-11-29 07:51:39+00:00,18,135,19.07639865853346,13842.315877787292,2263.0
49.387205,1.062912,23.2,2023-11-29 07:51:46+00:00,18,136,21.81125855403658,13884.72665830903,2270.0
49.387055,1.063252,23.2,2023-11-29 07:51:52+00:00,18,135,24.79253207969026,13926.047545108513,2276.0
49.386966,1.063667,23.0,2023-11-29 07:51:58+00:00,18,134,28.316869920166212,13973.24232830879,2282.0
49.386915,1.063979,23.0,2023-11-29 07:52:02+00:00,18,137,31.637784993851394,14008.395422746402,2286.0
49.386895,1.064027,23.0,2023-11-29 07:52:03+00:00,18,136,20.815159370399105,14014.177411460401,2287.0
49.386831,1.064276,23.0,2023-11-29 07:52:07+00:00,18,139,25.728455434491924,14042.764584165392,2291.0
49.386819,1.064342,23.0,2023-11-29 07:52:08+00:00,18,139,26.85290855411033,14050.223725430422,2292.0
49.386725,1.064599,23.0,2023-11-29 07:52:13+00:00,18,135,21.908167023382834,14080.65173518512,2297.0
49.386659,1.064683,23.0,2023-11-29 07:52:15+00:00,18,138,21.380100509453595,14092.529568801483,2299.0
49.386542,1.064895,23.0,2023-11-29 07:52:19+00:00,18,139,24.23154090145694,14119.453503136436,2303.0
49.386407,1.065402,22.4,2023-11-29 07:52:25+00:00,18,140,35.0036918401206,14177.792989536636,2309.0
49.386294,1.065701,22.8,2023-11-29 07:52:31+00:00,18,142,21.324975181051556,14213.334614838388,2315.0
49.386246,1.065857,22.8,2023-11-29 07:52:34+00:00,18,138,21.778443190778333,14231.48331749737,2318.0
49.386204,1.065933,22.8,2023-11-29 07:52:36+00:00,18,135,17.379031490607336,14241.138334992153,2320.0
49.386196,1.066003,22.6,2023-11-29 07:52:37+00:00,18,137,28.203460005955876,14248.97262943825,2321.0
49.386104,1.066233,21.6,2023-11-29 07:52:42+00:00,18,134,19.83188204130196,14276.51691005117,2326.0
49.386096,1.066303,21.6,2023-11-29 07:52:43+00:00,18,133,28.203459970248076,14284.35120448735,2327.0
49.38599,1.066851,21.2,2023-11-29 07:52:51+00:00,18,136,27.928761711535984,14346.415119401874,2335.0
49.385992,1.066985,21.0,2023-11-29 07:52:53+00:00,18,139,26.82320243110278,14361.316898530264,2337.0
49.385958,1.06718,21.0,2023-11-29 07:52:56+00:00,18,138,26.412028352403972,14383.326922157266,2340.0
49.385936,1.067577,21.4,2023-11-29 07:53:00+00:00,18,138,39.79088255341406,14427.539013883283,2344.0
49.385907,1.067662,21.4,2023-11-29 07:53:01+00:00,18,142,35.95081349096825,14437.525350964108,2345.0
49.385824,1.067862,21.4,2023-11-29 07:53:04+00:00,18,140,28.892866103779788,14461.602739383925,2348.0
49.385824,1.068021,21.2,2023-11-29 07:53:06+00:00,18,141,31.823988005698613,14479.282732720425,2350.0
49.385858,1.068188,21.0,2023-11-29 07:53:07+00:00,18,142,68.22132667297373,14498.233101240696,2351.0
49.385927,1.06833,21.0,2023-11-29 07:53:09+00:00,18,142,31.598076324746994,14515.787588087778,2353.0
49.385979,1.068375,20.6,2023-11-29 07:53:11+00:00,18,140,13.762551784902186,14523.433450190501,2355.0
49.386068,1.068476,20.6,2023-11-29 07:53:14+00:00,18,141,17.961238457995883,14538.401148905497,2358.0
49.386212,1.068589,20.2,2023-11-29 07:53:18+00:00,18,137,18.316207396093905,14558.752490456713,2362.0
49.386306,1.068653,20.2,2023-11-29 07:53:20+00:00,18,137,22.758242152022234,14571.395958318948,2364.0
49.386475,1.068794,20.0,2023-11-29 07:53:25+00:00,18,137,17.619109643265112,14595.866943934594,2369.0
49.38657,1.068828,20.0,2023-11-29 07:53:27+00:00,18,139,20.19229630263106,14607.084886324945,2371.0
49.386611,1.068783,20.0,2023-11-29 07:53:29+00:00,18,138,12.183607855380197,14613.853557355711,2373.0
49.386644,1.06876,20.2,2023-11-29 07:53:31+00:00,18,138,8.050000029828366,14618.325779594505,2375.0
49.386677,1.068778,20.2,2023-11-29 07:53:33+00:00,17,139,7.522640807095752,14622.505024487336,2377.0
49.386696,1.068852,20.4,2023-11-29 07:53:37+00:00,17,139,7.6457070876659365,14631.000254584744,2381.0
49.386694,1.068852,20.6,2023-11-29 07:53:42+00:00,17,136,0.16009283361659987,14631.222605742545,2386.0
49.3867,1.068884,20.6,2023-11-29 07:53:46+00:00,17,136,3.258200818548274,14634.842828874265,2390.0
49.3867,1.068884,20.4,2023-11-29 07:53:49+00:00,18,132,0.0,14634.842828874265,2393.0
49.3867,1.068884,20.6,2023-11-29 07:53:54+00:00,18,129,0.0,14634.842828874265,2398.0
49.3867,1.068884,21.0,2023-11-29 07:53:58+00:00,18,128,0.0,14634.842828874265,2402.0
